episode,seed,outcome,success,collision,timeout,steps,episode_return,final_dist_xy,final_dist_z,control_action_scale_multiplier,control_action_noise_std,control_action_delay,control_action_filter_alpha,scale_bucket,noise_bucket,delay_bucket,filter_bucket,joint_bucket,max_commanded_action_norm,max_applied_action_norm,mean_commanded_action_norm,mean_applied_action_norm
0,150000,success,True,False,False,25,169.01906191211128,0.004891639551114495,0.007806174974504088,0.9183311887086428,0.00045173234817257567,0,0.8212815395088511,mid_0.90_1.10,mid_0.00025_0.00055,delay_0,mid_0.70_0.85,delay_0|mid_0.70_0.85|mid_0.90_1.10|mid_0.00025_0.00055,1.694742755212067,1.558857327865479,1.3609730284859192,1.2367771625624622
1,150001,success,True,False,False,12,139.9928361872978,0.004999370939015077,0.008051605614882051,1.1433795802062507,0.00048203149198541113,1,0.9667169175333548,high_>1.10,mid_0.00025_0.00055,delay_1,high_>=0.85,delay_1|high_>=0.85|high_>1.10|mid_0.00025_0.00055,1.6174718526830738,1.700325040782809,1.3354112643903886,1.3428038879035062
2,150002,success,True,False,False,18,158.6751088336632,0.0036428966221477093,0.007911302575210999,1.1663503316218846,0.00012725695194925032,1,0.9047408101330315,high_>1.10,low_<0.00025,delay_1,high_>=0.85,delay_1|high_>=0.85|high_>1.10|low_<0.00025,1.6461914059837823,1.7320507688545248,1.4981015742156574,1.4836321844206868
3,150003,collision,False,True,False,150,-17.517073808835903,0.03854440929772549,0.08326629796709395,0.8013425771717306,0.0007350467063868421,2,0.742742427527394,low_<0.90,high_>=0.00055,delay_2,mid_0.70_0.85,delay_2|mid_0.70_0.85|low_<0.90|high_>=0.00055,1.731743467590019,1.5779770803483208,1.4935100925240334,1.1839608275067155
4,150004,success,True,False,False,13,147.90874603262125,0.004856770984012142,0.007311673949375597,1.0996917312529608,0.00022555269026214812,0,0.9683809651816446,mid_0.90_1.10,low_<0.00025,delay_0,high_>=0.85,delay_0|high_>=0.85|mid_0.90_1.10|low_<0.00025,1.4826081177418748,1.554230538956059,1.1943616623212159,1.2413148022344869
5,150005,success,True,False,False,12,147.5820173127335,0.0038362286610857765,0.008082830722960566,1.0544018155388453,9.863618586855783e-05,0,0.8668203944845603,mid_0.90_1.10,low_<0.00025,delay_0,high_>=0.85,delay_0|high_>=0.85|mid_0.90_1.10|low_<0.00025,1.5621884871980036,1.608408763056221,1.3074039672023015,1.3175031323704405
6,150006,success,True,False,False,47,207.5074539751483,0.004934654393422727,0.007762295708664935,0.9527174240323202,0.00043435781039741586,0,0.9863240478814571,mid_0.90_1.10,mid_0.00025_0.00055,delay_0,high_>=0.85,delay_0|high_>=0.85|mid_0.90_1.10|mid_0.00025_0.00055,1.601387728122461,1.5751518933002455,1.1370552798290077,1.083450144959384
7,150007,collision,False,True,False,131,-53.12829885735826,0.03875804413855547,0.08091175891633684,0.8095339924723011,0.00038503974352548234,1,0.6277818645908766,low_<0.90,mid_0.00025_0.00055,delay_1,low_<0.70,delay_1|low_<0.70|low_<0.90|mid_0.00025_0.00055,1.7320378641358916,1.4934410115930046,1.4633438615816923,1.1559600414246072
8,150008,success,True,False,False,22,151.22254712820234,0.0017471740921872058,0.007925993229741413,1.0009925182396218,0.000546370890358063,2,0.887064071353816,mid_0.90_1.10,mid_0.00025_0.00055,delay_2,high_>=0.85,delay_2|high_>=0.85|mid_0.90_1.10|mid_0.00025_0.00055,1.7053314394395824,1.678332963518523,1.4732903519099372,1.3626979836876458
9,150009,success,True,False,False,30,159.97273105479962,0.004720149614725278,0.007980773143888786,0.9568439110698423,9.290794370935096e-05,2,0.9216575117418153,mid_0.90_1.10,low_<0.00025,delay_2,high_>=0.85,delay_2|high_>=0.85|mid_0.90_1.10|low_<0.00025,1.728912285589064,1.6732734511364378,1.511864021491021,1.3539880790537213
10,150010,success,True,False,False,21,162.99919673022666,0.0039051715988376793,0.008012898944402269,1.145322450034928,0.0003255408456522452,0,0.5800255110088817,high_>1.10,mid_0.00025_0.00055,delay_0,low_<0.70,delay_0|low_<0.70|high_>1.10|mid_0.00025_0.00055,1.6890500953386913,1.6753592820794792,1.3933089824647826,1.3488524589628437
11,150011,success,True,False,False,11,142.8546479883755,0.003257190633316261,0.004654780636403899,1.0730568596959973,0.0007726248864345416,0,0.8928544983317959,mid_0.90_1.10,high_>=0.00055,delay_0,high_>=0.85,delay_0|high_>=0.85|mid_0.90_1.10|high_>=0.00055,1.6545975959046277,1.7320507688545248,1.478557743157119,1.4949655550396523
12,150012,success,True,False,False,26,157.3269652832077,0.004782401023807808,0.00821896057931315,1.0080366020144256,0.0005628968609263608,2,0.6821763211240962,mid_0.90_1.10,high_>=0.00055,delay_2,low_<0.70,delay_2|low_<0.70|mid_0.90_1.10|high_>=0.00055,1.7249606099056438,1.7320507688545248,1.5478438617481152,1.33822061645053
13,150013,success,True,False,False,8,136.25130297258767,0.004646639416464584,0.004503513526760927,1.1439039287866812,0.00038476945035450236,0,0.8711045923115972,high_>1.10,mid_0.00025_0.00055,delay_0,high_>=0.85,delay_0|high_>=0.85|high_>1.10|mid_0.00025_0.00055,1.528504503596833,1.6710069790238526,1.298076410650229,1.364850233669439
14,150014,success,True,False,False,17,146.10150561955814,0.0014789075215993432,0.008281040710954368,1.166278283607392,7.754136911829868e-05,2,0.6852418648766729,high_>1.10,low_<0.00025,delay_2,low_<0.70,delay_2|low_<0.70|high_>1.10|low_<0.00025,1.721790663094,1.7320507688545248,1.5510917361207976,1.339968419378796
15,150015,success,True,False,False,46,190.52289355079466,0.004884314169156646,0.007790654697070631,0.806300438125801,0.0001399962908596125,2,0.7256667835969498,low_<0.90,low_<0.00025,delay_2,mid_0.70_0.85,delay_2|mid_0.70_0.85|low_<0.90|low_<0.00025,1.6896694784764796,1.389112227784767,1.2868927135313708,0.9842794935912087
16,150016,success,True,False,False,26,159.06474083558376,0.004361027559238706,0.008195786828280927,1.1616830663781172,0.0006498468835977999,2,0.6120498664003253,high_>1.10,high_>=0.00055,delay_2,low_<0.70,delay_2|low_<0.70|high_>1.10|high_>=0.00055,1.6627842694109853,1.7320507688545248,1.470157860210032,1.4103034514447925
17,150017,success,True,False,False,15,139.43174527821728,0.002863542218442747,0.00798238922297656,0.8226479918818997,0.0007102598748268839,2,0.5704936712535482,low_<0.90,high_>=0.00055,delay_2,low_<0.70,delay_2|low_<0.70|low_<0.90|high_>=0.00055,1.7026943708787878,1.445025355134357,1.46289634500936,1.0138407822031736
18,150018,success,True,False,False,45,178.0723900672155,0.004672698852141193,0.007985455777511197,0.9488274201501147,0.000489917181175748,2,0.87915780064111,mid_0.90_1.10,mid_0.00025_0.00055,delay_2,high_>=0.85,delay_2|high_>=0.85|mid_0.90_1.10|mid_0.00025_0.00055,1.7187011052673178,1.716892493206768,1.3846577811439658,1.2416091563308984
19,150019,success,True,False,False,21,155.5388805687163,0.0026656090530875103,0.007963110853643873,1.1993678284755662,2.7238764487720425e-05,2,0.7735486913088288,high_>1.10,low_<0.00025,delay_2,mid_0.70_0.85,delay_2|mid_0.70_0.85|high_>1.10|low_<0.00025,1.7193287315705745,1.7320507688545248,1.5827679134476424,1.4474624668554743
20,150020,success,True,False,False,19,152.47014110456536,0.002505466804020618,0.008076437491366106,1.1732114748396278,0.0003940949188042747,1,0.7516178230484694,high_>1.10,mid_0.00025_0.00055,delay_1,mid_0.70_0.85,delay_1|mid_0.70_0.85|high_>1.10|mid_0.00025_0.00055,1.7283547077256756,1.7320507688545248,1.5572403354158773,1.5172910226154712
21,150021,success,True,False,False,16,139.92286021574253,0.0033327838722383993,0.008205305424300535,1.0981433100635252,0.00024518714001453085,1,0.7433944394053354,mid_0.90_1.10,low_<0.00025,delay_1,mid_0.70_0.85,delay_1|mid_0.70_0.85|mid_0.90_1.10|low_<0.00025,1.6164951708065438,1.6568816638679078,1.4393835375711377,1.3592666006449792
22,150022,collision,False,True,False,8,-302.78195661885275,0.038866592669015786,0.004304453526276508,0.9806091341566939,0.0003341358479602916,2,0.6166763812662226,mid_0.90_1.10,mid_0.00025_0.00055,delay_2,low_<0.70,delay_2|low_<0.70|mid_0.90_1.10|mid_0.00025_0.00055,1.7218033507661872,1.582275157594555,1.6080493841443784,1.06310502451106
23,150023,success,True,False,False,36,187.06921773792737,0.004734927741890753,0.007989413267536105,0.9866756026729476,0.00014790765274861465,0,0.7359150213668553,mid_0.90_1.10,low_<0.00025,delay_0,mid_0.70_0.85,delay_0|mid_0.70_0.85|mid_0.90_1.10|low_<0.00025,1.642278935772511,1.5177381841846915,1.2296693202762528,1.1682707487741653
24,150024,success,True,False,False,126,194.90813513219751,0.004933657916075962,0.007896295050680902,1.1888378252073613,0.00012524525551676797,0,0.7980653291019542,high_>1.10,low_<0.00025,delay_0,mid_0.70_0.85,delay_0|mid_0.70_0.85|high_>1.10|low_<0.00025,1.596877668274224,1.6512002486744535,0.6791215987875637,0.794735375952406
25,150025,success,True,False,False,27,161.8487656042077,0.004845434160645924,0.007902718562746713,0.8429248593063863,0.0004584095623500376,1,0.9015013232739999,low_<0.90,mid_0.00025_0.00055,delay_1,high_>=0.85,delay_1|high_>=0.85|low_<0.90|mid_0.00025_0.00055,1.6283156860565975,1.4859284499486478,1.423277957692281,1.1495636907715279
26,150026,collision,False,True,False,155,19.645181516479852,0.03825542187114031,0.07580348768811185,0.8659468219785875,0.0006246421592537311,2,0.6010013879108342,low_<0.90,high_>=0.00055,delay_2,low_<0.70,delay_2|low_<0.70|low_<0.90|high_>=0.00055,1.7313094502903608,1.663108662702117,1.4859172356206125,1.2531918556577633
27,150027,success,True,False,False,19,150.84895712615472,0.004615241478021264,0.007986437772551924,0.9463681758547189,0.00020351564830442792,1,0.8773218305617929,mid_0.90_1.10,low_<0.00025,delay_1,high_>=0.85,delay_1|high_>=0.85|mid_0.90_1.10|low_<0.00025,1.685314602823323,1.5406350315292783,1.3157861784750395,1.188861497320195
28,150028,success,True,False,False,18,156.14703672028244,0.0025824390073809394,0.007983776188623004,0.9376831950266618,0.0006794350686877281,0,0.5781332360564498,mid_0.90_1.10,high_>=0.00055,delay_0,low_<0.70,delay_0|low_<0.70|mid_0.90_1.10|high_>=0.00055,1.710991513887454,1.704672075426895,1.5509292579550267,1.3308568975647246
29,150029,success,True,False,False,19,153.7504770757121,0.003866361902572051,0.008101963484905217,1.155484679962445,0.00025047791792351886,1,0.8427925767703117,high_>1.10,mid_0.00025_0.00055,delay_1,mid_0.70_0.85,delay_1|mid_0.70_0.85|high_>1.10|mid_0.00025_0.00055,1.6952242267473967,1.7320507688545248,1.486283714644862,1.4778503326163814
30,150030,success,True,False,False,26,157.61925825571873,0.004900397115881462,0.007827196483998988,0.803385036631405,0.00012586425093908977,0,0.9994425370233921,low_<0.90,low_<0.00025,delay_0,high_>=0.85,delay_0|high_>=0.85|low_<0.90|low_<0.00025,1.5152018405512429,1.1992205158494813,1.1567386161640423,0.9283883756510906
31,150031,collision,False,True,False,6,-292.0238018602963,0.04506491243682087,0.04808554694263978,0.9674215737000543,0.00042070322234009536,2,0.9732429762446437,mid_0.90_1.10,mid_0.00025_0.00055,delay_2,high_>=0.85,delay_2|high_>=0.85|mid_0.90_1.10|mid_0.00025_0.00055,1.455777578326018,1.3279460108647805,1.265467670973351,0.7891092708262809
32,150032,success,True,False,False,31,173.22115510606787,0.004909083671998369,0.00777726449231797,0.9478911579506215,0.00043261924144478016,0,0.5739756458764045,mid_0.90_1.10,mid_0.00025_0.00055,delay_0,low_<0.70,delay_0|low_<0.70|mid_0.90_1.10|mid_0.00025_0.00055,1.4820781880208356,1.3558858820645137,1.150823064160362,0.9955485969964026
33,150033,success,True,False,False,25,152.96777802590012,0.003863994923011392,0.007983033581900112,1.1154215089614943,4.728155159942107e-05,2,0.744954824924475,high_>1.10,low_<0.00025,delay_2,mid_0.70_0.85,delay_2|mid_0.70_0.85|high_>1.10|low_<0.00025,1.7213729400685,1.7320507688545248,1.543891977121757,1.437800221631672
34,150034,success,True,False,False,42,195.73593424919943,0.004916086753764988,0.007815201276263006,0.855487245538864,0.00025553275135125546,0,0.942307644081914,low_<0.90,mid_0.00025_0.00055,delay_0,high_>=0.85,delay_0|high_>=0.85|low_<0.90|mid_0.00025_0.00055,1.4838105013556009,1.2662057842570438,1.182416648512306,1.0040233740289346
35,150035,success,True,False,False,29,165.5618558646748,0.004963317220582454,0.007860580232057601,0.8886235320642463,0.00030126907338384615,1,0.8521786659981787,low_<0.90,mid_0.00025_0.00055,delay_1,high_>=0.85,delay_1|high_>=0.85|low_<0.90|mid_0.00025_0.00055,1.7233681518460917,1.5806853645939316,1.3982341594197605,1.1904977391585774
36,150036,success,True,False,False,12,139.39985637112343,0.004986484683018687,0.008087103977476473,1.18439891039821,0.000539997588169184,0,0.8492970125819242,high_>1.10,mid_0.00025_0.00055,delay_0,mid_0.70_0.85,delay_0|mid_0.70_0.85|high_>1.10|mid_0.00025_0.00055,1.6225843557803272,1.7320507688545248,1.300019646295442,1.3443317121933331
37,150037,success,True,False,False,20,153.26875705483832,0.0037179318762785487,0.007960629047373602,1.083712882486966,0.0004807427020353478,1,0.7751123523615625,mid_0.90_1.10,mid_0.00025_0.00055,delay_1,mid_0.70_0.85,delay_1|mid_0.70_0.85|mid_0.90_1.10|mid_0.00025_0.00055,1.7107814723347743,1.7320507688545248,1.529174156742158,1.46386749658449
38,150038,success,True,False,False,21,155.30089175260912,0.004960989798485946,0.007844701591566139,1.1689174801271343,0.0002013018880017058,2,0.9033431918871252,high_>1.10,low_<0.00025,delay_2,high_>=0.85,delay_2|high_>=0.85|high_>1.10|low_<0.00025,1.484901551743223,1.577680327552486,1.2207381112917823,1.2207479957445335
39,150039,success,True,False,False,26,160.439008364499,0.0047590965832444414,0.0079960065155954,1.0329751057807994,0.00024915830021509836,2,0.6073627282053276,mid_0.90_1.10,low_<0.00025,delay_2,low_<0.70,delay_2|low_<0.70|mid_0.90_1.10|low_<0.00025,1.7272603779148612,1.714097085383318,1.548900055478799,1.3614142990528324
40,150040,success,True,False,False,28,182.48993704105965,0.004923323860892239,0.007769006114149324,1.1353736667427952,0.000474532164133056,0,0.9198240057690921,high_>1.10,mid_0.00025_0.00055,delay_0,high_>=0.85,delay_0|high_>=0.85|high_>1.10|mid_0.00025_0.00055,1.5594834697549504,1.6601133183395742,1.1999216766405747,1.279573105361062
41,150041,collision,False,True,False,6,-293.7359226749621,0.06155529426312931,0.04826750728349516,0.8438340990929247,2.096551825184001e-05,1,0.9168915830019249,low_<0.90,low_<0.00025,delay_1,high_>=0.85,delay_1|high_>=0.85|low_<0.90|low_<0.00025,1.5919678848807624,1.2652257359764363,1.3545193415126986,0.8976816142893392
42,150042,success,True,False,False,28,161.43228780691285,0.004025258441359603,0.00803557465785587,0.9124996304692794,0.0006321021435524323,2,0.6311103746708346,mid_0.90_1.10,high_>=0.00055,delay_2,low_<0.70,delay_2|low_<0.70|mid_0.90_1.10|high_>=0.00055,1.7211954202343724,1.6070369102237445,1.525176312377374,1.230961808069224
43,150043,success,True,False,False,51,208.33647561248623,0.0049224343821783765,0.007786917120099379,0.890600004531742,0.0002797752420232379,1,0.6256932567405342,low_<0.90,mid_0.00025_0.00055,delay_1,low_<0.70,delay_1|low_<0.70|low_<0.90|mid_0.00025_0.00055,1.6378906071440291,1.4046665727308287,1.2432286316181307,1.0668073982635842
44,150044,success,True,False,False,26,149.4548453472896,0.004117228836265217,0.00807387068150578,1.1407126806808559,0.0006782818819989217,2,0.7873473014719561,high_>1.10,high_>=0.00055,delay_2,mid_0.70_0.85,delay_2|mid_0.70_0.85|high_>1.10|high_>=0.00055,1.7029538173927359,1.7320507688545248,1.3993763845384526,1.359172645308978
45,150045,success,True,False,False,24,160.01896558966223,0.0045540957105750296,0.007959389401193673,1.072036463067012,9.649818356463539e-05,2,0.9617636617611645,mid_0.90_1.10,low_<0.00025,delay_2,high_>=0.85,delay_2|high_>=0.85|mid_0.90_1.10|low_<0.00025,1.5968985863563847,1.6788169981015864,1.4176759310494393,1.3571174758023945
46,150046,success,True,False,False,19,148.01763737039434,0.004791334143499372,0.008199550393817256,1.003181122490282,0.0005533636432644624,2,0.8667435176019099,mid_0.90_1.10,high_>=0.00055,delay_2,high_>=0.85,delay_2|high_>=0.85|mid_0.90_1.10|high_>=0.00055,1.7110578951774655,1.7320507688545248,1.48121086467916,1.306504122707174
47,150047,success,True,False,False,30,180.3418421148618,0.004895373647919754,0.007812606061978866,1.0270583112480358,0.00044499679502977787,0,0.6409388942502631,mid_0.90_1.10,mid_0.00025_0.00055,delay_0,low_<0.70,delay_0|low_<0.70|mid_0.90_1.10|mid_0.00025_0.00055,1.6152802516077205,1.6737169805676626,1.2286536696411967,1.2064297471323953
48,150048,success,True,False,False,30,166.52893252490912,0.0049644256645374075,0.008048081993506817,0.822920593836527,0.00018671179588914395,2,0.6383066052993672,low_<0.90,low_<0.00025,delay_2,low_<0.70,delay_2|low_<0.70|low_<0.90|low_<0.00025,1.7187307658319777,1.3983826287596028,1.5228342102909782,1.1405882867667252
49,150049,success,True,False,False,33,179.19488547557955,0.004872418141454002,0.007710386324351393,0.951189599524483,0.0005162136977118994,0,0.6014606636526056,mid_0.90_1.10,mid_0.00025_0.00055,delay_0,low_<0.70,delay_0|low_<0.70|mid_0.90_1.10|mid_0.00025_0.00055,1.6216613949515268,1.4610181533834221,1.198448478793986,1.0449246965911314
50,150050,success,True,False,False,19,150.85563495771584,0.004357243623702746,0.007949250712363187,0.9632623756374853,0.0007104815268609304,1,0.9544487565024558,mid_0.90_1.10,high_>=0.00055,delay_1,high_>=0.85,delay_1|high_>=0.85|mid_0.90_1.10|high_>=0.00055,1.6375074465488817,1.6212349241126405,1.384295048610897,1.26988846514992
51,150051,collision,False,True,False,143,-196.93325812384708,0.04092787631868848,0.07233581226304331,0.9200381019145059,0.0006245768225823213,2,0.6434026703142544,mid_0.90_1.10,high_>=0.00055,delay_2,low_<0.70,delay_2|low_<0.70|mid_0.90_1.10|high_>=0.00055,1.7314010604905987,1.7074300661490334,1.2006580243576168,1.0568139932948795
52,150052,success,True,False,False,27,166.3276566584939,0.0042285645159129285,0.008138548958505187,1.164885822163863,0.00019877121117098284,2,0.7112580433087087,high_>1.10,low_<0.00025,delay_2,mid_0.70_0.85,delay_2|mid_0.70_0.85|high_>1.10|low_<0.00025,1.6716321721185434,1.7320507688545248,1.441572105708814,1.342774551799978
53,150053,success,True,False,False,27,170.67642560479055,0.004949376588925601,0.007811920221928004,0.9339758279499326,0.0003845915833957953,0,0.6389690626246979,mid_0.90_1.10,mid_0.00025_0.00055,delay_0,low_<0.70,delay_0|low_<0.70|mid_0.90_1.10|mid_0.00025_0.00055,1.6732467159740922,1.592964442156878,1.2892896229367687,1.1286237981001372
54,150054,success,True,False,False,26,169.12939050442628,0.004072370661169347,0.008008759869072457,0.8834679404956065,0.0005721103621958979,1,0.7484827744704862,low_<0.90,high_>=0.00055,delay_1,mid_0.70_0.85,delay_1|mid_0.70_0.85|low_<0.90|high_>=0.00055,1.6071183824552153,1.5316829347612675,1.4788327460657082,1.222560278463702
55,150055,success,True,False,False,11,143.23657846878152,0.002708197770387838,0.007970250689097291,1.1674783189130462,0.0006226400486637029,0,0.9868856713751336,high_>1.10,high_>=0.00055,delay_0,high_>=0.85,delay_0|high_>=0.85|high_>1.10|high_>=0.00055,1.5447847856574453,1.7158638113494846,1.3795669449386068,1.4737816670046096
56,150056,success,True,False,False,19,153.8660106963828,0.0035511196564942523,0.007982916864841316,0.9953424960343544,0.0005815217638388961,1,0.8214765415167241,mid_0.90_1.10,high_>=0.00055,delay_1,mid_0.70_0.85,delay_1|mid_0.70_0.85|mid_0.90_1.10|high_>=0.00055,1.65843132502538,1.6538540982316237,1.4303113990884193,1.338300706520949
57,150057,collision,False,True,False,11,-299.3216938314379,0.03844469442856985,0.0054696678514003505,1.071416242272027,2.666677208884636e-05,2,0.9137069999702191,mid_0.90_1.10,low_<0.00025,delay_2,high_>=0.85,delay_2|high_>=0.85|mid_0.90_1.10|low_<0.00025,1.7024579862757394,1.4715478704989016,1.3899147108648655,1.1056301030415645
58,150058,success,True,False,False,12,145.58547711863363,0.003267915569856744,0.007969298680985726,0.9475822360142219,1.3567067810206446e-05,0,0.8254779570043613,mid_0.90_1.10,low_<0.00025,delay_0,mid_0.70_0.85,delay_0|mid_0.70_0.85|mid_0.90_1.10|low_<0.00025,1.7168785874918624,1.6132252715855007,1.4388843048213362,1.3087214076832072
59,150059,success,True,False,False,23,156.36465300337287,0.004726342509231359,0.00809822675339189,0.9944750054359327,0.0005441148645485733,2,0.8668458487090853,mid_0.90_1.10,mid_0.00025_0.00055,delay_2,high_>=0.85,delay_2|high_>=0.85|mid_0.90_1.10|mid_0.00025_0.00055,1.7201610561205045,1.7189388664814165,1.5082244252362995,1.3182892023211616
60,150060,success,True,False,False,21,162.48525191813164,0.0018081073287365126,0.008271065765240504,1.0886056998195328,0.0004087408808167453,1,0.8370993813494189,mid_0.90_1.10,mid_0.00025_0.00055,delay_1,mid_0.70_0.85,delay_1|mid_0.70_0.85|mid_0.90_1.10|mid_0.00025_0.00055,1.6853268872239613,1.7320507688545248,1.5148520766309432,1.4580511083294811
61,150061,success,True,False,False,38,144.1559224788082,0.004977848082721147,0.0078029611798626775,0.8014163450331846,8.861340645866581e-05,0,0.9939519503122162,low_<0.90,low_<0.00025,delay_0,high_>=0.85,delay_0|high_>=0.85|low_<0.90|low_<0.00025,1.3490191885582241,1.100972176029827,0.6941823641329528,0.5542213139534731
62,150062,success,True,False,False,22,153.65663627191688,0.004746157041916321,0.008009782910013752,1.0882610444275125,0.000221512414343601,2,0.7355121268820515,mid_0.90_1.10,low_<0.00025,delay_2,mid_0.70_0.85,delay_2|mid_0.70_0.85|mid_0.90_1.10|low_<0.00025,1.7165393993414095,1.7320507688545248,1.5652965897255013,1.405078208446334
63,150063,success,True,False,False,24,163.62757898684495,0.004855707689055281,0.0077604351974410735,0.9903516094654021,0.00018183006970984357,0,0.5861103440536328,mid_0.90_1.10,low_<0.00025,delay_0,low_<0.70,delay_0|low_<0.70|mid_0.90_1.10|low_<0.00025,1.4850692660028875,1.3573222926628652,1.1632362003567815,1.0428264368883942
64,150064,success,True,False,False,28,165.13774411151715,0.0034990927847576223,0.007941993756194754,1.1723018367918647,0.00025349308974907355,1,0.6839430137162352,high_>1.10,mid_0.00025_0.00055,delay_1,low_<0.70,delay_1|low_<0.70|high_>1.10|mid_0.00025_0.00055,1.6937635755506968,1.7320507688545248,1.3600475623360653,1.3609344898988192
65,150065,success,True,False,False,17,148.27185134093895,0.004779181204823586,0.007897200820565997,0.8724967955786669,0.0006730420543590267,0,0.7044640637180284,low_<0.90,high_>=0.00055,delay_0,mid_0.70_0.85,delay_0|mid_0.70_0.85|low_<0.90|high_>=0.00055,1.4811854265084978,1.3922949507903921,1.3260194980393454,1.0497197972347785
66,150066,collision,False,True,False,6,-295.512475917194,0.05858732925813248,0.04871013784276279,0.8925807577877448,0.0004067223538638086,2,0.6377235155642085,low_<0.90,mid_0.00025_0.00055,delay_2,low_<0.70,delay_2|low_<0.70|low_<0.90|mid_0.00025_0.00055,1.3403125306461467,1.0761223240745936,1.289994270144968,0.6309327680813097
67,150067,success,True,False,False,19,146.60032343577936,0.004933222916895918,0.007847214412693648,0.8593395191074451,0.00023445234818904916,0,0.9616978807346334,low_<0.90,low_<0.00025,delay_0,high_>=0.85,delay_0|high_>=0.85|low_<0.90|low_<0.00025,1.6084044530316852,1.4211329883232997,1.0464164235614826,0.9014213339322154
68,150068,success,True,False,False,19,158.32455344162574,0.004756991616140252,0.007924749936984443,1.130088930830424,0.000550123660043726,1,0.9016797590928285,high_>1.10,high_>=0.00055,delay_1,high_>=0.85,delay_1|high_>=0.85|high_>1.10|high_>=0.00055,1.6130892532334975,1.642432970989956,1.3680290417396428,1.3848318616666702
69,150069,success,True,False,False,28,171.81197068772462,0.004949404753777421,0.007802396629683073,1.0022839363116036,0.00012609223246275462,2,0.8473821480265635,mid_0.90_1.10,low_<0.00025,delay_2,mid_0.70_0.85,delay_2|mid_0.70_0.85|mid_0.90_1.10|low_<0.00025,1.5138089444335716,1.4907070791743287,1.2977310797376398,1.2081971516080967
70,150070,success,True,False,False,12,142.83631080031097,0.004935825946556556,0.007923882004678307,0.9877649776762247,0.0004910048449710263,1,0.9304096987673951,mid_0.90_1.10,mid_0.00025_0.00055,delay_1,high_>=0.85,delay_1|high_>=0.85|mid_0.90_1.10|mid_0.00025_0.00055,1.6224233529419816,1.5816013142563865,1.4196290036418653,1.2924572696322418
71,150071,collision,False,True,False,11,-301.62539842890635,0.03854334845922218,0.014009121477187803,1.095281168788902,2.8190444790264824e-05,2,0.639507846682539,mid_0.90_1.10,low_<0.00025,delay_2,low_<0.70,delay_2|low_<0.70|mid_0.90_1.10|low_<0.00025,1.6799748357072395,1.4732954373055849,1.3371067436603505,1.0339933349320118
72,150072,success,True,False,False,15,149.00337795199596,0.004830664822387615,0.00782646279247512,1.0870851220441926,0.0003723715690606535,0,0.9152112824305818,mid_0.90_1.10,mid_0.00025_0.00055,delay_0,high_>=0.85,delay_0|high_>=0.85|mid_0.90_1.10|mid_0.00025_0.00055,1.59191594829786,1.6510968745763333,1.368050205371659,1.3986668296470126
73,150073,success,True,False,False,55,224.01192563622578,0.0047028844217583835,0.00795867070324674,0.8625984906159839,0.0006490248428944691,1,0.5806175235206017,low_<0.90,high_>=0.00055,delay_1,low_<0.70,delay_1|low_<0.70|low_<0.90|high_>=0.00055,1.4921876901468767,1.3620945876029906,1.3253201899104854,1.1110122928793298
74,150074,collision,False,True,False,141,-0.44629345957810074,0.038534379548618054,0.06960791304956349,0.8532636278679502,4.372579590962529e-05,0,0.7610218481866315,low_<0.90,low_<0.00025,delay_0,mid_0.70_0.85,delay_0|mid_0.70_0.85|low_<0.90|low_<0.00025,1.7312863571877248,1.485347012965444,1.4396085359490045,1.2190979955218995
75,150075,success,True,False,False,36,169.62106853000282,0.004831122033157678,0.007833924456127295,0.8161036892026823,0.00014411772490292786,1,0.6103494379697142,low_<0.90,low_<0.00025,delay_1,low_<0.70,delay_1|low_<0.70|low_<0.90|low_<0.00025,1.6967102685703062,1.3670590489973804,1.359920472287059,1.0445295620804789
76,150076,success,True,False,False,18,143.135632089465,0.0031960185046743146,0.008358443822958472,1.039374197656942,0.00017045060592658982,2,0.7652016768913762,mid_0.90_1.10,low_<0.00025,delay_2,mid_0.70_0.85,delay_2|mid_0.70_0.85|mid_0.90_1.10|low_<0.00025,1.716280359327023,1.7320507688545248,1.5054191767853882,1.2829106711189353
77,150077,success,True,False,False,24,158.84636138573393,0.004694493446523072,0.008007630424897938,0.9307024622574321,0.00036920567114353376,1,0.8725668639318123,mid_0.90_1.10,mid_0.00025_0.00055,delay_1,high_>=0.85,delay_1|high_>=0.85|mid_0.90_1.10|mid_0.00025_0.00055,1.6999138053109795,1.62414840470752,1.4437917683083852,1.2514806888616483
78,150078,success,True,False,False,17,150.4298182643262,0.004891595316237857,0.007509123355450398,1.0077526737430886,0.0007025313663201582,0,0.6974106582128858,mid_0.90_1.10,high_>=0.00055,delay_0,low_<0.70,delay_0|low_<0.70|mid_0.90_1.10|high_>=0.00055,1.6922226875438962,1.6546916310277864,1.3607869817700593,1.2084050639277104
79,150079,success,True,False,False,75,272.61726420408377,0.004847738620915939,0.007770063314912923,0.8616347243995279,0.0005925965571712591,1,0.9892159331773109,low_<0.90,high_>=0.00055,delay_1,high_>=0.85,delay_1|high_>=0.85|low_<0.90|high_>=0.00055,1.688337786913268,1.5705353799637274,1.3134012183025312,1.1253634319482395
80,150080,success,True,False,False,28,162.2183295330716,0.002276763636990693,0.008025213055447566,1.165389681712906,0.0001189217079116041,2,0.954267235169371,high_>1.10,low_<0.00025,delay_2,high_>=0.85,delay_2|high_>=0.85|high_>1.10|low_<0.00025,1.723784319639866,1.7320507688545248,1.486641570993141,1.487673977417525
81,150081,collision,False,True,False,11,-296.91435764298757,0.038525297007938844,0.01002028963820878,1.0384481410363464,8.461479469326845e-05,2,0.9303081292963058,mid_0.90_1.10,low_<0.00025,delay_2,high_>=0.85,delay_2|high_>=0.85|mid_0.90_1.10|low_<0.00025,1.701785143726506,1.7056081270560588,1.5382355722308987,1.2725391458069708
82,150082,collision,False,True,False,127,-25.077161404577964,0.038947967624276034,0.06865668537814507,0.9105334246069505,0.0007080323871207715,0,0.6262472821653249,mid_0.90_1.10,high_>=0.00055,delay_0,low_<0.70,delay_0|low_<0.70|mid_0.90_1.10|high_>=0.00055,1.7300810817785564,1.6992871331539838,1.3978055486425665,1.2312358794010847
83,150083,collision,False,True,False,134,-160.20880120537515,0.03803442233303953,0.07971195794645203,1.0189612956660636,0.00023030527636561075,2,0.582151884540679,mid_0.90_1.10,low_<0.00025,delay_2,low_<0.70,delay_2|low_<0.70|mid_0.90_1.10|low_<0.00025,1.7320017312687057,1.7320507688545248,1.4122140783361128,1.3401988547824144
84,150084,success,True,False,False,18,150.02395572527274,0.004622432481806757,0.007951014559871017,1.0351233062427314,2.277423681940194e-05,1,0.7881509214625766,mid_0.90_1.10,low_<0.00025,delay_1,mid_0.70_0.85,delay_1|mid_0.70_0.85|mid_0.90_1.10|low_<0.00025,1.7243347580621875,1.7320507688545248,1.534330911686765,1.436833912570434
85,150085,success,True,False,False,15,147.60320247645296,0.004434453386037797,0.008392598202544121,0.9711951485486419,0.0007030919670837457,0,0.7262700316432862,mid_0.90_1.10,high_>=0.00055,delay_0,mid_0.70_0.85,delay_0|mid_0.70_0.85|mid_0.90_1.10|high_>=0.00055,1.6282502891980482,1.6413880776641654,1.4099637044934814,1.2915671735816694
86,150086,success,True,False,False,33,180.2406775140688,0.004972959788114333,0.007827843000670964,0.9110638525539801,0.0005297701948725089,0,0.7599743054593598,mid_0.90_1.10,mid_0.00025_0.00055,delay_0,mid_0.70_0.85,delay_0|mid_0.70_0.85|mid_0.90_1.10|mid_0.00025_0.00055,1.6597781923978985,1.4607792544225162,1.254824515448857,1.0989733649792275
87,150087,collision,False,True,False,128,-36.191855817248666,0.038634765672019455,0.07469682789148535,0.8717438510431874,0.00019331191007007772,1,0.9730454295646823,low_<0.90,low_<0.00025,delay_1,high_>=0.85,delay_1|high_>=0.85|low_<0.90|low_<0.00025,1.7243439674107912,1.5695271700208202,1.3814667849498374,1.19513376974157
88,150088,success,True,False,False,7,136.71937595845048,0.002222760596538649,0.004119721526608888,1.167462422744313,0.00021747392875953375,0,0.8815619748962203,high_>1.10,low_<0.00025,delay_0,high_>=0.85,delay_0|high_>=0.85|high_>1.10|low_<0.00025,1.4637478418740928,1.5483986337595117,1.2753182191012726,1.3394605188789377
89,150089,success,True,False,False,21,146.7032476630264,0.00453681355601805,0.008012611039286854,0.9985882768193386,0.00016823281553807139,2,0.8390204701854884,mid_0.90_1.10,low_<0.00025,delay_2,mid_0.70_0.85,delay_2|mid_0.70_0.85|mid_0.90_1.10|low_<0.00025,1.7264581086536357,1.7272856685772222,1.493219684107481,1.3365749754184213
90,150090,collision,False,True,False,141,-15.683678002574936,0.03870944176631674,0.07691192244670164,0.8592988579445522,0.00038657919393499053,2,0.5824102611765805,low_<0.90,mid_0.00025_0.00055,delay_2,low_<0.70,delay_2|low_<0.70|low_<0.90|mid_0.00025_0.00055,1.729810752388702,1.5986756035629675,1.3868461141577366,1.1576029262028
91,150091,success,True,False,False,15,150.3371796715131,0.004751149327001348,0.007889033794617917,1.1914525676415093,0.0003645103138269477,0,0.8197440260755493,high_>1.10,mid_0.00025_0.00055,delay_0,mid_0.70_0.85,delay_0|mid_0.70_0.85|high_>1.10|mid_0.00025_0.00055,1.3267604807290134,1.5985658213160494,1.078295155407465,1.2064182799612098
92,150092,collision,False,True,False,129,-58.05141439430216,0.03986341622760593,0.06903278599114149,0.8236847947823533,0.0002543370362907901,0,0.5542208151642033,low_<0.90,mid_0.00025_0.00055,delay_0,low_<0.70,delay_0|low_<0.70|low_<0.90|mid_0.00025_0.00055,1.7315015249614425,1.4914509106714375,1.367495067963024,1.1010155610905548
93,150093,success,True,False,False,12,138.30880310484187,0.0048697557008617245,0.009043602204593437,1.1459240188760567,0.00034439751761369125,1,0.8283144476467104,high_>1.10,mid_0.00025_0.00055,delay_1,mid_0.70_0.85,delay_1|mid_0.70_0.85|high_>1.10|mid_0.00025_0.00055,1.691239065083913,1.7125323166636126,1.4773817242021605,1.4182350763588245
94,150094,collision,False,True,False,147,-126.60036679763448,0.03803343273576455,0.07627550087514923,1.132130770227279,0.0002831914524836446,0,0.73782395479886,high_>1.10,mid_0.00025_0.00055,delay_0,mid_0.70_0.85,delay_0|mid_0.70_0.85|high_>1.10|mid_0.00025_0.00055,1.730786545467964,1.7320507688545248,0.9492402894693774,1.009678540025182
95,150095,success,True,False,False,25,153.92781427672713,0.0038581767190933943,0.00799918604576011,1.1985140894959416,7.985977147083273e-05,2,0.7491109117820343,high_>1.10,low_<0.00025,delay_2,mid_0.70_0.85,delay_2|mid_0.70_0.85|high_>1.10|low_<0.00025,1.7128992879234786,1.7320507688545248,1.5030850492809316,1.4608091628625572
96,150096,success,True,False,False,24,152.35004307158027,0.0031290626822531075,0.007867524852145702,0.8005652166329964,0.0005535568544058597,2,0.9453385950157844,low_<0.90,high_>=0.00055,delay_2,high_>=0.85,delay_2|high_>=0.85|low_<0.90|high_>=0.00055,1.6874781135832062,1.663058760131948,1.484640785150524,1.165864899586538
97,150097,success,True,False,False,23,153.29819945353026,0.004868007894850222,0.007983217226421702,0.9059580448836432,0.00024074965633782012,1,0.8168911736994999,mid_0.90_1.10,low_<0.00025,delay_1,mid_0.70_0.85,delay_1|mid_0.70_0.85|mid_0.90_1.10|low_<0.00025,1.6480773715272303,1.4855405249027671,1.361021373097377,1.1575659265246137
98,150098,success,True,False,False,16,149.9984242079986,0.004955926473824457,0.007878905274489534,0.9099500144829248,0.0005610029667822745,0,0.6707238883395419,mid_0.90_1.10,high_>=0.00055,delay_0,low_<0.70,delay_0|low_<0.70|mid_0.90_1.10|high_>=0.00055,1.6187736996254785,1.4287351079555213,1.3308274477180726,1.162901337335844
99,150099,success,True,False,False,20,150.13454507551063,0.004376391008799793,0.007957232478457588,0.8140597736092247,0.00012365825231663407,0,0.7359332294845535,low_<0.90,low_<0.00025,delay_0,mid_0.70_0.85,delay_0|mid_0.70_0.85|low_<0.90|low_<0.00025,1.6445538073424464,1.3724195526140615,1.245957819450616,1.0009630082285979
100,150100,success,True,False,False,19,154.2459904193375,0.004309776757703532,0.00793010781934611,0.9868448109456374,0.00035354211146901857,1,0.8778256026103746,mid_0.90_1.10,mid_0.00025_0.00055,delay_1,high_>=0.85,delay_1|high_>=0.85|mid_0.90_1.10|mid_0.00025_0.00055,1.678337306141715,1.6590143990342279,1.4679646142112681,1.3635876210205857
101,150101,success,True,False,False,20,146.44018753113528,0.002831980610954459,0.008052979209636435,1.022997848410538,0.00058000104091467,2,0.9512155206325512,mid_0.90_1.10,high_>=0.00055,delay_2,high_>=0.85,delay_2|high_>=0.85|mid_0.90_1.10|high_>=0.00055,1.7209488820408894,1.7244444491326651,1.4730161960503665,1.3248950505790276
102,150102,success,True,False,False,69,247.5292668095456,0.0034705794914197986,0.008012068149391038,1.1567723377774475,0.00010430215712151823,2,0.8146884755140609,high_>1.10,low_<0.00025,delay_2,mid_0.70_0.85,delay_2|mid_0.70_0.85|high_>1.10|low_<0.00025,1.7105385152955146,1.7320507688545248,1.4499687213138086,1.5163034630559569
103,150103,success,True,False,False,66,210.31533639645562,0.0006709669309370494,0.00805719641743663,1.1277056959291027,0.00043325672671844055,2,0.80835948434827,high_>1.10,mid_0.00025_0.00055,delay_2,mid_0.70_0.85,delay_2|mid_0.70_0.85|high_>1.10|mid_0.00025_0.00055,1.7251213138862607,1.7320507688545248,1.4395864981139128,1.4419079674459874
104,150104,success,True,False,False,12,136.06819919756572,0.0032461610007759965,0.00806099254314685,0.9829545968078732,0.0002771585129800473,2,0.9963868747225197,mid_0.90_1.10,mid_0.00025_0.00055,delay_2,high_>=0.85,delay_2|high_>=0.85|mid_0.90_1.10|mid_0.00025_0.00055,1.4713167514614822,1.4110608901082362,1.364862488007638,1.116638924984437
105,150105,success,True,False,False,19,148.84302349308277,0.0008950683263639201,0.00809003808456965,1.1567464459737424,0.0005565863991723884,1,0.6255961815767811,high_>1.10,high_>=0.00055,delay_1,low_<0.70,delay_1|low_<0.70|high_>1.10|high_>=0.00055,1.7107663562218258,1.7320507688545248,1.4645475866812825,1.3803836818725712
106,150106,success,True,False,False,28,160.41350999035984,0.0042191845893045365,0.007992066766554617,1.1232263125897068,0.0003788680473347923,1,0.8726548764256736,high_>1.10,mid_0.00025_0.00055,delay_1,high_>=0.85,delay_1|high_>=0.85|high_>1.10|mid_0.00025_0.00055,1.6490245315518555,1.7283139152388225,1.3457403179552565,1.3770735942828722
107,150107,success,True,False,False,32,178.40539493960898,0.0048217251423968155,0.007863739065303577,1.0477304110683352,0.00014777415207035957,1,0.6638365405400376,mid_0.90_1.10,low_<0.00025,delay_1,low_<0.70,delay_1|low_<0.70|mid_0.90_1.10|low_<0.00025,1.5997259680145848,1.599263151556702,1.1559409852275813,1.1443384652370874
108,150108,success,True,False,False,23,157.55066649437967,0.0012630565078033571,0.007995974213041657,0.9824810608310959,0.0007903653992098996,1,0.6119298195943979,mid_0.90_1.10,high_>=0.00055,delay_1,low_<0.70,delay_1|low_<0.70|mid_0.90_1.10|high_>=0.00055,1.6359041439124384,1.6478859804613448,1.4313718248106684,1.2697083508855431
109,150109,collision,False,True,False,13,-293.36815386867653,0.042347966918669065,0.004705684016828249,1.033349899728878,0.00036114185196415243,2,0.8606777350788457,mid_0.90_1.10,mid_0.00025_0.00055,delay_2,high_>=0.85,delay_2|high_>=0.85|mid_0.90_1.10|mid_0.00025_0.00055,1.7268029643731622,1.6438278043405457,1.525807470408366,1.2536233883937042
110,150110,success,True,False,False,19,152.55004829205262,0.0025793013056908576,0.008055078842476138,1.193200337007825,0.0004363448740671184,1,0.5715487511634397,high_>1.10,mid_0.00025_0.00055,delay_1,low_<0.70,delay_1|low_<0.70|high_>1.10|mid_0.00025_0.00055,1.7247584266275855,1.7320507688545248,1.536781424372154,1.4559293427800952
111,150111,success,True,False,False,33,167.45086124693833,0.00499638316332742,0.007851908948019903,0.9535757103872904,0.00021770192356850544,1,0.6256121447153202,mid_0.90_1.10,low_<0.00025,delay_1,low_<0.70,delay_1|low_<0.70|mid_0.90_1.10|low_<0.00025,1.6333871578737034,1.5621199823517848,1.1489465359453168,1.028130054777261
112,150112,success,True,False,False,17,149.36786942994772,0.0012856863427625185,0.008011805257351456,1.17749036648615,0.000111759726977124,2,0.8491003902749839,high_>1.10,low_<0.00025,delay_2,mid_0.70_0.85,delay_2|mid_0.70_0.85|high_>1.10|low_<0.00025,1.6862791372557775,1.7320507688545248,1.4933521713062086,1.3535948103849886
113,150113,success,True,False,False,32,171.9582878082035,0.004357582056645391,0.007958721903446597,0.8773388277588996,0.00019433674277503023,2,0.7017578278670282,low_<0.90,low_<0.00025,delay_2,mid_0.70_0.85,delay_2|mid_0.70_0.85|low_<0.90|low_<0.00025,1.7257376871491856,1.5195823445421675,1.4269695688588038,1.147380751166769
114,150114,success,True,False,False,19,156.96106574378175,0.0048954946958777515,0.007800156812400982,1.1874235568424858,6.690803312370895e-05,0,0.694946215912776,high_>1.10,low_<0.00025,delay_0,low_<0.70,delay_0|low_<0.70|high_>1.10|low_<0.00025,1.5877553101097026,1.6923167581059386,1.1296422895160387,1.2410838235927477
115,150115,collision,False,True,False,13,-289.8243623201045,0.03893624264600437,0.0066112811201529675,1.0730666080454394,0.0007057652285399367,2,0.8731582972589993,mid_0.90_1.10,high_>=0.00055,delay_2,high_>=0.85,delay_2|high_>=0.85|mid_0.90_1.10|high_>=0.00055,1.7292235762767765,1.7320507688545248,1.5461517591820209,1.2936060052677112
116,150116,success,True,False,False,12,149.2717852326312,0.004579214011746948,0.008328722598515026,1.146703948268472,0.0005834748712501473,0,0.7824514885758689,high_>1.10,high_>=0.00055,delay_0,mid_0.70_0.85,delay_0|mid_0.70_0.85|high_>1.10|high_>=0.00055,1.6871089224521578,1.7320507688545248,1.5379836889133915,1.5230470821196078
117,150117,collision,False,True,False,161,22.5778280930532,0.0384626843661233,0.07601610186776775,0.8088941627703847,0.000378453507177806,1,0.8416213884813734,low_<0.90,mid_0.00025_0.00055,delay_1,mid_0.70_0.85,delay_1|mid_0.70_0.85|low_<0.90|mid_0.00025_0.00055,1.7289628117665856,1.5231909389037595,1.4422660139534256,1.1583382648733664
118,150118,success,True,False,False,21,141.32711802477664,0.0025838211865596202,0.007903520584870982,1.0355177373146582,0.0003168503763636056,2,0.7351317916039539,mid_0.90_1.10,mid_0.00025_0.00055,delay_2,mid_0.70_0.85,delay_2|mid_0.70_0.85|mid_0.90_1.10|mid_0.00025_0.00055,1.665241897470874,1.6374866621524602,1.3129958176297487,1.2100551706252247
119,150119,success,True,False,False,24,161.18631305459994,0.004999074022331165,0.008022740214958857,1.1091536473584735,0.0001911274730748427,1,0.8556844640741947,high_>1.10,low_<0.00025,delay_1,high_>=0.85,delay_1|high_>=0.85|high_>1.10|low_<0.00025,1.7141515523796473,1.7320507688545248,1.4381692879216053,1.431812961797397
120,150120,collision,False,True,False,6,-294.05672524002574,0.05144496072834999,0.048200427369137544,1.1954386955694254,3.426313196824476e-05,2,0.7107975239221184,high_>1.10,low_<0.00025,delay_2,mid_0.70_0.85,delay_2|mid_0.70_0.85|high_>1.10|low_<0.00025,1.37406632198335,1.4364369042595815,1.3289528824884564,0.909647628386942
121,150121,collision,False,True,False,130,-53.707421354549666,0.03801111599480106,0.07914952102360562,0.8567516928753127,0.0006273023610198709,2,0.6012759076660945,low_<0.90,high_>=0.00055,delay_2,low_<0.70,delay_2|low_<0.70|low_<0.90|high_>=0.00055,1.731020443299604,1.7001810946041274,1.3829711215962188,1.1517921848867265
122,150122,success,True,False,False,21,166.0010305761361,0.0044671739910366135,0.007735606546078744,1.1793290662954155,0.00026453441409651486,0,0.6402110906250625,high_>1.10,mid_0.00025_0.00055,delay_0,low_<0.70,delay_0|low_<0.70|high_>1.10|mid_0.00025_0.00055,1.6089125501185642,1.6416088384588154,1.3583695150122501,1.3871608044087087
123,150123,success,True,False,False,21,157.44497115720625,0.0038759783969002765,0.007987881207647485,1.109153286289934,0.0007596702319568679,1,0.9185790334625976,high_>1.10,high_>=0.00055,delay_1,high_>=0.85,delay_1|high_>=0.85|high_>1.10|high_>=0.00055,1.7179660307367344,1.7320507688545248,1.4495929333126472,1.4300001575846533
124,150124,success,True,False,False,20,157.1735999930657,0.0027035961709861492,0.008162414328479417,1.1551110098553086,0.0005351325928054988,1,0.8207248973614407,high_>1.10,mid_0.00025_0.00055,delay_1,mid_0.70_0.85,delay_1|mid_0.70_0.85|high_>1.10|mid_0.00025_0.00055,1.6658852561720303,1.7320507688545248,1.4972686337007253,1.4644643802700927
125,150125,success,True,False,False,39,197.85619938087814,0.004802348725702824,0.007774820937944793,0.9369058953151572,0.0005409416066819139,0,0.9187570243606022,mid_0.90_1.10,mid_0.00025_0.00055,delay_0,high_>=0.85,delay_0|high_>=0.85|mid_0.90_1.10|mid_0.00025_0.00055,1.5451746029247024,1.4104573483371252,1.225653778807708,1.1331947020920679
126,150126,success,True,False,False,16,156.64993745197992,0.004939658602683046,0.00762497974089027,1.088175412653826,0.0002371424107909533,0,0.798754397350263,mid_0.90_1.10,low_<0.00025,delay_0,mid_0.70_0.85,delay_0|mid_0.70_0.85|mid_0.90_1.10|low_<0.00025,1.7006157407835019,1.7320507688545248,1.5065250149496663,1.4944034246211026
127,150127,success,True,False,False,16,153.386084681116,0.003548184115886445,0.007893582920992404,1.0955149671229858,0.0007913398227337847,0,0.8384368824245625,mid_0.90_1.10,high_>=0.00055,delay_0,mid_0.70_0.85,delay_0|mid_0.70_0.85|mid_0.90_1.10|high_>=0.00055,1.5777034934214196,1.6636901155856083,1.3275944720186748,1.319220784572925
128,150128,success,True,False,False,33,180.36225815873246,0.004834613380685534,0.007849323248353857,0.9382077765442189,0.0005269309589298987,1,0.6634705903598778,mid_0.90_1.10,mid_0.00025_0.00055,delay_1,low_<0.70,delay_1|low_<0.70|mid_0.90_1.10|mid_0.00025_0.00055,1.5722055907043884,1.429303998550014,1.3530606876190256,1.1785613182359234
129,150129,success,True,False,False,43,185.5680051450422,0.004690202935965382,0.007973688912970456,1.1854068769360393,0.00079538066287753,2,0.8883851594067678,high_>1.10,high_>=0.00055,delay_2,high_>=0.85,delay_2|high_>=0.85|high_>1.10|high_>=0.00055,1.7151425516087413,1.7320507688545248,1.3838275542662404,1.3733936144205872
130,150130,collision,False,True,False,147,-16.413132658753,0.03989295091658174,0.07222099521078518,1.0845161365793066,0.00038871704224299086,2,0.8536275662789594,mid_0.90_1.10,mid_0.00025_0.00055,delay_2,high_>=0.85,delay_2|high_>=0.85|mid_0.90_1.10|mid_0.00025_0.00055,1.7313533111387254,1.7320507688545248,1.4712839317743016,1.4778281915989921
131,150131,success,True,False,False,30,166.47475891739117,0.004894045310046747,0.007865759578883025,0.808705402043018,0.000701423325281644,1,0.7390382166558066,low_<0.90,high_>=0.00055,delay_1,mid_0.70_0.85,delay_1|mid_0.70_0.85|low_<0.90|high_>=0.00055,1.6912361933593216,1.376721222950143,1.4195084524940578,1.0902451839341958
132,150132,success,True,False,False,23,148.2342315024369,0.004387746662476296,0.008266362599152144,1.111144244291021,0.00011407417195629162,2,0.7523926592869568,high_>1.10,low_<0.00025,delay_2,mid_0.70_0.85,delay_2|mid_0.70_0.85|high_>1.10|low_<0.00025,1.7163302129109594,1.7320507688545248,1.543502626963895,1.4620021323270365
133,150133,success,True,False,False,25,159.2783968142982,0.003570595983653322,0.00803517558954625,0.8554136427395843,0.0004599563163246988,1,0.5769668000303768,low_<0.90,mid_0.00025_0.00055,delay_1,low_<0.70,delay_1|low_<0.70|low_<0.90|mid_0.00025_0.00055,1.7176819083928732,1.4907984475955263,1.579734836611258,1.188024039957924
134,150134,success,True,False,False,23,163.00452569983406,0.002730010076165227,0.007952319726807544,1.1526608306350001,0.0001679064030733473,1,0.7265195550103176,high_>1.10,low_<0.00025,delay_1,mid_0.70_0.85,delay_1|mid_0.70_0.85|high_>1.10|low_<0.00025,1.7039200849305196,1.7320507688545248,1.4679236309201533,1.4551567909948284
135,150135,success,True,False,False,21,150.76571801166855,0.0010550358632214181,0.008090524852911063,1.104501005389347,0.000680986956427384,1,0.5778276586827256,high_>1.10,high_>=0.00055,delay_1,low_<0.70,delay_1|low_<0.70|high_>1.10|high_>=0.00055,1.713836326115799,1.716616613671543,1.533618921860672,1.3374078728335412
136,150136,collision,False,True,False,140,-41.599474049208965,0.03854705714043373,0.07771834576677572,0.8202442133247474,0.00026423327700340177,2,0.8695545814859191,low_<0.90,mid_0.00025_0.00055,delay_2,high_>=0.85,delay_2|high_>=0.85|low_<0.90|mid_0.00025_0.00055,1.731672770235951,1.483227875696107,1.4220676443065892,1.1399203527866737
137,150137,success,True,False,False,28,162.41025476973357,0.0046825635254408105,0.007928765632523982,0.9627924418267338,3.2172245217255216e-05,1,0.6104913173284199,mid_0.90_1.10,low_<0.00025,delay_1,low_<0.70,delay_1|low_<0.70|mid_0.90_1.10|low_<0.00025,1.703243792585778,1.6120919271999583,1.466639589434816,1.2815669734382986
138,150138,success,True,False,False,30,174.08220168648455,0.0021045609222629874,0.008032801638158449,0.9057675940437918,0.0005745741075750237,2,0.8294200043107818,mid_0.90_1.10,high_>=0.00055,delay_2,mid_0.70_0.85,delay_2|mid_0.70_0.85|mid_0.90_1.10|high_>=0.00055,1.6778286354759422,1.6489766284253076,1.503542497575988,1.2755198187136698
139,150139,collision,False,True,False,6,-291.3598256303664,0.04938971717897222,0.048464767908225403,0.9973024454817153,0.00029997589180789604,1,0.6903697469365769,mid_0.90_1.10,mid_0.00025_0.00055,delay_1,low_<0.70,delay_1|low_<0.70|mid_0.90_1.10|mid_0.00025_0.00055,1.3437174112664427,1.2418733834904248,1.1172945405761299,0.8275895030669909
140,150140,collision,False,True,False,7,-289.9185208603438,0.04841281798403683,0.04896513787512924,0.9198044683643982,0.0002979588382101639,2,0.7849469335281181,mid_0.90_1.10,mid_0.00025_0.00055,delay_2,mid_0.70_0.85,delay_2|mid_0.70_0.85|mid_0.90_1.10|mid_0.00025_0.00055,1.6103310914678577,1.3376270989033467,1.4323066390161459,0.8798670860483659
141,150141,success,True,False,False,63,270.72529418051425,0.0047342135427368166,0.007854851368454874,1.1519869142125168,0.00012029851186816192,0,0.6658217198622396,high_>1.10,low_<0.00025,delay_0,low_<0.70,delay_0|low_<0.70|high_>1.10|low_<0.00025,1.635253791985184,1.6782256243446587,1.2880177529398225,1.3248050563819993
142,150142,collision,False,True,False,142,-21.84070933325114,0.0382200623697184,0.08476595995371017,0.8053043852549004,0.00016949606998259618,1,0.737291659753791,low_<0.90,low_<0.00025,delay_1,mid_0.70_0.85,delay_1|mid_0.70_0.85|low_<0.90|low_<0.00025,1.731930921698874,1.4557330211869484,1.460078350494937,1.1594744193850548
143,150143,success,True,False,False,19,148.34032464530685,0.001829581641439548,0.007944708956282853,1.0189028605717585,0.00021996539384561871,1,0.779146166621214,mid_0.90_1.10,low_<0.00025,delay_1,mid_0.70_0.85,delay_1|mid_0.70_0.85|mid_0.90_1.10|low_<0.00025,1.558254886330863,1.5346364294633408,1.3642745550533326,1.2663860966361606
144,150144,success,True,False,False,33,163.3221180474936,0.004793602384514112,0.00799308822759015,0.9145055075099866,0.0006804453005097174,2,0.7623368999072393,mid_0.90_1.10,high_>=0.00055,delay_2,mid_0.70_0.85,delay_2|mid_0.70_0.85|mid_0.90_1.10|high_>=0.00055,1.7219381893084333,1.6137697249248992,1.4202199962340187,1.2318988420127712
145,150145,success,True,False,False,22,163.95735519403337,0.004929795386874812,0.007823107819785124,0.9791026618162534,0.00047550544936903263,0,0.9242792317376947,mid_0.90_1.10,mid_0.00025_0.00055,delay_0,high_>=0.85,delay_0|high_>=0.85|mid_0.90_1.10|mid_0.00025_0.00055,1.5406484936114386,1.5237649307713232,1.2056136795307024,1.1868587436773645
146,150146,success,True,False,False,40,190.99229989494904,0.0049282235677885556,0.0077577383393345745,1.1760648730155658,0.0007062266112518739,1,0.9496153819908242,high_>1.10,high_>=0.00055,delay_1,high_>=0.85,delay_1|high_>=0.85|high_>1.10|high_>=0.00055,1.7256807085945214,1.7320507688545248,1.2728490992769619,1.3040307202059154
147,150147,success,True,False,False,23,152.35184736306311,0.0027854743651646906,0.007943610679036595,1.0752395053890664,0.0005714909259022597,1,0.7041444194346278,mid_0.90_1.10,high_>=0.00055,delay_1,mid_0.70_0.85,delay_1|mid_0.70_0.85|mid_0.90_1.10|high_>=0.00055,1.660001746901761,1.6888821765759756,1.374077657209011,1.2812414484530388
148,150148,success,True,False,False,20,157.40574235464928,0.004926196049464904,0.007982832901605619,1.164106232834669,0.0002965841726860852,1,0.6960876122752142,high_>1.10,mid_0.00025_0.00055,delay_1,low_<0.70,delay_1|low_<0.70|high_>1.10|mid_0.00025_0.00055,1.6975212518952938,1.7320507688545248,1.5642815113961772,1.4785492233743542
149,150149,success,True,False,False,22,159.53042825236344,0.004781945088145795,0.007814410768797075,1.0137671291015382,0.0004289216370828474,0,0.6581807194271363,mid_0.90_1.10,mid_0.00025_0.00055,delay_0,low_<0.70,delay_0|low_<0.70|mid_0.90_1.10|mid_0.00025_0.00055,1.4516919060300357,1.3353014574339892,1.1716208159988666,1.133274269710946
150,150150,success,True,False,False,22,153.22014986879523,0.0038816479089253644,0.008203443020584067,1.1833586418687143,0.0003180180281115548,1,0.7906586265701555,high_>1.10,mid_0.00025_0.00055,delay_1,mid_0.70_0.85,delay_1|mid_0.70_0.85|high_>1.10|mid_0.00025_0.00055,1.7109927088655084,1.7320507688545248,1.4098269294126196,1.4091019882482212
151,150151,success,True,False,False,26,155.0252402995161,0.004671538247154489,0.007927899785221348,0.8828047994332424,0.00013059702782159156,1,0.6817383280232516,low_<0.90,low_<0.00025,delay_1,low_<0.70,delay_1|low_<0.70|low_<0.90|low_<0.00025,1.684400057080465,1.471983681603582,1.2562815520918738,1.0247817042917071
152,150152,success,True,False,False,28,156.04646659836288,0.0044279631147371495,0.007925749295321527,0.8297537118974271,0.00038930283252916595,2,0.6001690001375587,low_<0.90,mid_0.00025_0.00055,delay_2,low_<0.70,delay_2|low_<0.70|low_<0.90|mid_0.00025_0.00055,1.6746328120316665,1.4615907667249002,1.4217531595640474,1.0388836504133212
153,150153,success,True,False,False,19,162.33966127442247,0.0038963289504847856,0.008011350335311085,1.1251384618622478,0.000143127862194431,0,0.738994393038392,high_>1.10,low_<0.00025,delay_0,mid_0.70_0.85,delay_0|mid_0.70_0.85|high_>1.10|low_<0.00025,1.6733134895238013,1.7116929219135508,1.41252804406897,1.418757533861609
154,150154,collision,False,True,False,144,-10.594536939788611,0.03875994811669896,0.0727685083269739,0.8506346150204269,1.3438738650006066e-05,1,0.5744857652727853,low_<0.90,low_<0.00025,delay_1,low_<0.70,delay_1|low_<0.70|low_<0.90|low_<0.00025,1.7285330892143158,1.4725843993572507,1.4622085598663694,1.2144156028129431
155,150155,success,True,False,False,12,146.6686763904899,0.004191002357733827,0.008342183927830593,0.9474084547487724,0.0002380606454670054,0,0.8421876910566483,mid_0.90_1.10,low_<0.00025,delay_0,mid_0.70_0.85,delay_0|mid_0.70_0.85|mid_0.90_1.10|low_<0.00025,1.639813197256858,1.5892202834934472,1.3744264000244177,1.284835180625121
156,150156,collision,False,True,False,6,-293.76791593612944,0.05885239627787171,0.04865033616426373,1.07505549069509,8.410891075687577e-05,2,0.7369339970157325,mid_0.90_1.10,low_<0.00025,delay_2,mid_0.70_0.85,delay_2|mid_0.70_0.85|mid_0.90_1.10|low_<0.00025,1.5863582105347809,1.3518194684389597,1.244586910762174,0.7060873622444035
157,150157,success,True,False,False,30,167.59046537774293,0.004836444755259294,0.007980153879596164,0.8040268612885791,0.00046551281311317077,2,0.7101379459073675,low_<0.90,mid_0.00025_0.00055,delay_2,mid_0.70_0.85,delay_2|mid_0.70_0.85|low_<0.90|mid_0.00025_0.00055,1.6931833930347335,1.4581481610753244,1.5651959372778992,1.1645513209889176
158,150158,success,True,False,False,57,215.84421299568032,0.004987884366584526,0.007775748285955064,1.1976000712913544,0.0003919987930251587,1,0.9010898802438634,high_>1.10,mid_0.00025_0.00055,delay_1,high_>=0.85,delay_1|high_>=0.85|high_>1.10|mid_0.00025_0.00055,1.7294072117002848,1.7320507688545248,1.1262307771440332,1.2105691732259989
159,150159,success,True,False,False,12,149.41956368315755,0.003456727711502508,0.007652004428289949,1.0614387707283304,0.0003839620846272115,0,0.720998759580206,mid_0.90_1.10,mid_0.00025_0.00055,delay_0,mid_0.70_0.85,delay_0|mid_0.70_0.85|mid_0.90_1.10|mid_0.00025_0.00055,1.7092793965130126,1.7320507688545248,1.5293598201500913,1.468703416231012
160,150160,success,True,False,False,71,196.74861179773194,0.004465858922447884,0.007984113920949887,0.9850344248116298,0.00013858416690600218,2,0.7071544625770172,mid_0.90_1.10,low_<0.00025,delay_2,mid_0.70_0.85,delay_2|mid_0.70_0.85|mid_0.90_1.10|low_<0.00025,1.715303937032032,1.6772761741618762,1.4152806353545029,1.2949856198672813
161,150161,success,True,False,False,22,150.90303057772005,0.0044364644288070135,0.007956897800052598,1.175894389430121,9.190192033937991e-05,1,0.7313506603347603,high_>1.10,low_<0.00025,delay_1,mid_0.70_0.85,delay_1|mid_0.70_0.85|high_>1.10|low_<0.00025,1.6219794821254683,1.6696318738526341,1.310994281900453,1.3089897368627952
162,150162,success,True,False,False,29,167.88928545230587,0.004778056629246399,0.007947197819672569,1.0650568122896416,0.0007780335832705388,1,0.7504364359611603,mid_0.90_1.10,high_>=0.00055,delay_1,mid_0.70_0.85,delay_1|mid_0.70_0.85|mid_0.90_1.10|high_>=0.00055,1.6093550957770506,1.6529315134913813,1.3424245476172234,1.3044061092852524
163,150163,success,True,False,False,17,155.9892409570652,0.004428023102557618,0.007932202723452075,1.1590967560264351,0.0005903891883725008,0,0.5949555381887514,high_>1.10,high_>=0.00055,delay_0,low_<0.70,delay_0|low_<0.70|high_>1.10|high_>=0.00055,1.652404635770552,1.7320507688545248,1.3744987540437703,1.3876672942007262
164,150164,success,True,False,False,22,156.21709159381416,0.0047094857720199074,0.007992368886065249,1.172982578617112,0.0006815669738823801,1,0.6061950447298716,high_>1.10,high_>=0.00055,delay_1,low_<0.70,delay_1|low_<0.70|high_>1.10|high_>=0.00055,1.6113740893455306,1.6136718033158353,1.4210622653266745,1.3597990039297185
165,150165,collision,False,True,False,132,-65.16841871852677,0.03838139892895895,0.07292238489089664,0.9479560227151258,0.0002570706362681206,0,0.6643212932639231,mid_0.90_1.10,mid_0.00025_0.00055,delay_0,low_<0.70,delay_0|low_<0.70|mid_0.90_1.10|mid_0.00025_0.00055,1.7319951716102018,1.7131656248753109,1.3616197501259961,1.275706940686218
166,150166,success,True,False,False,31,164.3204765122262,0.0023159765544415664,0.007996426651957322,1.1695144125928474,0.0007460389031290706,2,0.8882066734608938,high_>1.10,high_>=0.00055,delay_2,high_>=0.85,delay_2|high_>=0.85|high_>1.10|high_>=0.00055,1.711269307984404,1.7320507688545248,1.4774513345612519,1.4588905092705207
167,150167,collision,False,True,False,142,-4.027346292089533,0.03820360054071159,0.07506875075654396,0.8534379802637977,0.0002351052303218607,0,0.623074448284858,low_<0.90,low_<0.00025,delay_0,low_<0.70,delay_0|low_<0.70|low_<0.90|low_<0.00025,1.731804685209535,1.5499158849769807,1.4517628887926133,1.2190697424724388
168,150168,success,True,False,False,18,161.66761588200305,0.0038624146202389715,0.00798811018899126,1.147102655591829,0.0007464316631106804,0,0.8433583845683836,high_>1.10,high_>=0.00055,delay_0,mid_0.70_0.85,delay_0|mid_0.70_0.85|high_>1.10|high_>=0.00055,1.6732853730270856,1.7057513060822052,1.3789765408902293,1.4143709453134286
169,150169,success,True,False,False,24,151.88734154397872,0.002859221172572909,0.008051430840942397,0.9400605661628126,6.89733338546132e-05,2,0.9012465113096517,mid_0.90_1.10,low_<0.00025,delay_2,high_>=0.85,delay_2|high_>=0.85|mid_0.90_1.10|low_<0.00025,1.7273408186122354,1.6409909035390107,1.546640243855436,1.3243875497060127
170,150170,success,True,False,False,21,155.09281185201417,0.0012265579673285763,0.007957019670923882,1.0773904583013598,0.0003263315457173646,1,0.6189226801954084,mid_0.90_1.10,mid_0.00025_0.00055,delay_1,low_<0.70,delay_1|low_<0.70|mid_0.90_1.10|mid_0.00025_0.00055,1.6894996252677947,1.664245635545069,1.53082078442734,1.3829788930722404
171,150171,success,True,False,False,8,134.52122190813006,0.0002842866759485391,0.007924618564717933,0.9391473141381896,0.0004964751185630071,2,0.5958632080714926,mid_0.90_1.10,mid_0.00025_0.00055,delay_2,low_<0.70,delay_2|low_<0.70|mid_0.90_1.10|mid_0.00025_0.00055,1.6139469905086872,1.6109588663436905,1.553053934833331,1.0928283938084897
172,150172,success,True,False,False,21,157.32386276528382,0.0038153345269232555,0.008201902476673184,1.198822629815338,0.00013989770237708116,1,0.7683252489223519,high_>1.10,low_<0.00025,delay_1,mid_0.70_0.85,delay_1|mid_0.70_0.85|high_>1.10|low_<0.00025,1.5678453431005142,1.6118291116213157,1.3194674917994313,1.3175493049653366
173,150173,success,True,False,False,40,196.61609758321805,0.004947253679419505,0.007802658843198307,0.8989418259612184,0.00046614306361522157,0,0.5530260788876985,low_<0.90,mid_0.00025_0.00055,delay_0,low_<0.70,delay_0|low_<0.70|low_<0.90|mid_0.00025_0.00055,1.5744224443802806,1.3129125687740857,1.2579629781927832,1.0687713063835944
174,150174,success,True,False,False,53,215.5873623192478,0.004843946245500907,0.0078104004909254066,0.9073078768781626,8.278960274372e-05,2,0.6854641785932777,mid_0.90_1.10,low_<0.00025,delay_2,low_<0.70,delay_2|low_<0.70|mid_0.90_1.10|low_<0.00025,1.476846723005147,1.334286060273936,1.2522480918358223,1.0769109912438577
175,150175,success,True,False,False,25,158.94735728590925,0.0029867135405205183,0.007996732425581188,1.1944212079423113,0.0006890183205876503,1,0.6221190838409062,high_>1.10,high_>=0.00055,delay_1,low_<0.70,delay_1|low_<0.70|high_>1.10|high_>=0.00055,1.6971329229599668,1.7320507688545248,1.3202199996634423,1.2890497542001276
176,150176,success,True,False,False,32,183.05250966669496,0.004847778109435461,0.007904510581997815,1.1223985801644614,0.0007645157372506649,1,0.7223180247179107,high_>1.10,high_>=0.00055,delay_1,mid_0.70_0.85,delay_1|mid_0.70_0.85|high_>1.10|high_>=0.00055,1.717445751074338,1.7320507688545248,1.367006470784303,1.376566271752327
177,150177,collision,False,True,False,6,-294.46255005265186,0.05439313726707292,0.0481738884789481,0.9572931148644835,0.0006077663154990602,2,0.6016879719547251,mid_0.90_1.10,high_>=0.00055,delay_2,low_<0.70,delay_2|low_<0.70|mid_0.90_1.10|high_>=0.00055,1.5146375800315217,1.2106404252251035,1.4458136761691673,0.7583873562805895
178,150178,success,True,False,False,60,231.90612651873465,0.004882242855201718,0.00780600222747585,0.8768416591681217,0.00024901236633124714,0,0.7612339334968476,low_<0.90,low_<0.00025,delay_0,mid_0.70_0.85,delay_0|mid_0.70_0.85|low_<0.90|low_<0.00025,1.5732813449761367,1.3598373281335332,1.224785591648716,1.0672799874623455
179,150179,collision,False,True,False,139,-274.6691885902417,0.038345272335169336,0.05269968444645745,0.8282274391389001,0.00015662242393322422,2,0.8592751832554445,low_<0.90,low_<0.00025,delay_2,high_>=0.85,delay_2|high_>=0.85|low_<0.90|low_<0.00025,1.6763073744914907,1.3455214185456361,0.9311551196884718,0.7482669562653461
180,150180,collision,False,True,False,135,8.57033371243682,0.038780340127876144,0.07644744389117297,0.9327223733894994,7.783451782178013e-05,0,0.583028220121893,mid_0.90_1.10,low_<0.00025,delay_0,low_<0.70,delay_0|low_<0.70|mid_0.90_1.10|low_<0.00025,1.7306874397547183,1.625856279490634,1.4282747792898254,1.3053931527242568
181,150181,success,True,False,False,14,144.05580790536732,0.004926791647631628,0.007759552024391159,0.9253910474483382,0.0003940890700904257,0,0.8041944252508414,mid_0.90_1.10,mid_0.00025_0.00055,delay_0,mid_0.70_0.85,delay_0|mid_0.70_0.85|mid_0.90_1.10|mid_0.00025_0.00055,1.3466142006451265,1.1873743740867162,1.1257414109409278,0.9553327132401678
182,150182,success,True,False,False,16,155.9299094029223,0.003754238311241313,0.007966805165980695,1.0080698174757852,5.043089395110841e-05,0,0.7371064269967372,mid_0.90_1.10,low_<0.00025,delay_0,mid_0.70_0.85,delay_0|mid_0.70_0.85|mid_0.90_1.10|low_<0.00025,1.6938194395789008,1.682015203901872,1.4864668598028534,1.4140815042304344
183,150183,success,True,False,False,46,214.83593575365344,0.004944350956958592,0.007818449292694152,0.9665689636516143,0.0001892631247606886,0,0.7483885298601091,mid_0.90_1.10,low_<0.00025,delay_0,mid_0.70_0.85,delay_0|mid_0.70_0.85|mid_0.90_1.10|low_<0.00025,1.4935261127104087,1.3573982276151146,1.2233450286997638,1.1497041817652065
184,150184,success,True,False,False,15,133.20238575025834,0.002976581666436839,0.008015619357625958,0.9218299929185305,0.00025961249978917114,2,0.8395034588213319,mid_0.90_1.10,mid_0.00025_0.00055,delay_2,mid_0.70_0.85,delay_2|mid_0.70_0.85|mid_0.90_1.10|mid_0.00025_0.00055,1.6972296837649357,1.577024230645959,1.434387704536213,1.133575783951813
185,150185,collision,False,True,False,135,-127.46134153731992,0.03888200828979093,0.08083920814713663,1.1158076981224554,0.00016061340178323552,2,0.783191197120406,high_>1.10,low_<0.00025,delay_2,mid_0.70_0.85,delay_2|mid_0.70_0.85|high_>1.10|low_<0.00025,1.7315361578711264,1.7320507688545248,1.441005315488525,1.4745554860932426
186,150186,success,True,False,False,24,161.51031558454534,0.003055638607280476,0.007975181842464596,1.0085630466326896,0.00029323724805944566,2,0.9274574691622564,mid_0.90_1.10,mid_0.00025_0.00055,delay_2,high_>=0.85,delay_2|high_>=0.85|mid_0.90_1.10|mid_0.00025_0.00055,1.709852557014897,1.7193148802090383,1.5389309230409092,1.3928277838646315
187,150187,success,True,False,False,26,172.85168704191815,0.004663360428617846,0.00796578300725348,1.1170908594676718,0.00048091939780222026,0,0.7644314787201355,high_>1.10,mid_0.00025_0.00055,delay_0,mid_0.70_0.85,delay_0|mid_0.70_0.85|high_>1.10|mid_0.00025_0.00055,1.4262843837912065,1.5343928267278135,1.2552175713461367,1.31933674759772
188,150188,success,True,False,False,29,172.30063567755064,0.004115348280216467,0.007888502154523747,0.9305386659674324,0.00014075376863549556,2,0.8177668176190944,mid_0.90_1.10,low_<0.00025,delay_2,mid_0.70_0.85,delay_2|mid_0.70_0.85|mid_0.90_1.10|low_<0.00025,1.5665031037632993,1.4704689799936532,1.3635793861070504,1.2147935768068212
189,150189,success,True,False,False,23,152.66843683579154,0.003896870639786293,0.00789571006974965,0.8366095658098566,0.0005648877558127053,2,0.9664191031577755,low_<0.90,high_>=0.00055,delay_2,high_>=0.85,delay_2|high_>=0.85|low_<0.90|high_>=0.00055,1.6801341257535223,1.4510003445410669,1.4769812058322997,1.1531036493181124
190,150190,success,True,False,False,25,148.0229172176559,0.003498634354684136,0.00869210126429143,0.9541345119194828,0.0007955297969559109,2,0.8437280533310114,mid_0.90_1.10,high_>=0.00055,delay_2,mid_0.70_0.85,delay_2|mid_0.70_0.85|mid_0.90_1.10|high_>=0.00055,1.7149756820801803,1.7320507688545248,1.5203546565169948,1.38503152361858
191,150191,success,True,False,False,7,136.70367367600792,0.004064852619993822,0.005658272805481368,0.9142078169107248,0.0001765891509990774,0,0.9816189455416426,mid_0.90_1.10,low_<0.00025,delay_0,high_>=0.85,delay_0|high_>=0.85|mid_0.90_1.10|low_<0.00025,1.6452115058292096,1.4385644646640645,1.475738760252057,1.3150676078710306
192,150192,success,True,False,False,50,213.40049745205636,0.0048464274757994445,0.00781127427699102,0.870280731227585,0.00046271223975734944,0,0.9619183509787164,low_<0.90,mid_0.00025_0.00055,delay_0,high_>=0.85,delay_0|high_>=0.85|low_<0.90|mid_0.00025_0.00055,1.3887505592352352,1.346373096482006,1.1565263661320382,1.0059380554289703
193,150193,success,True,False,False,23,154.3331624375665,0.0018870720359560518,0.008048057232339478,0.95456987076748,0.0005326860813886016,2,0.9571089082727713,mid_0.90_1.10,mid_0.00025_0.00055,delay_2,high_>=0.85,delay_2|high_>=0.85|mid_0.90_1.10|mid_0.00025_0.00055,1.7191006753379254,1.7096689955986848,1.5626732932620135,1.3894125632266883
194,150194,success,True,False,False,19,158.29567388455968,0.0024277622085200866,0.008034734908575425,1.1352590118048544,0.0004557374313697076,1,0.8785377946931864,high_>1.10,mid_0.00025_0.00055,delay_1,high_>=0.85,delay_1|high_>=0.85|high_>1.10|mid_0.00025_0.00055,1.6858978504562445,1.7320507688545248,1.5105129418040653,1.4787296585287477
195,150195,success,True,False,False,52,228.1685788265347,0.004894558908523734,0.007803617586385148,1.0138311532516897,0.0006381963754600331,0,0.7451138835152951,mid_0.90_1.10,high_>=0.00055,delay_0,mid_0.70_0.85,delay_0|mid_0.70_0.85|mid_0.90_1.10|high_>=0.00055,1.5460475228068293,1.4817526686805604,1.3063607209055759,1.2639909646026508
196,150196,success,True,False,False,12,139.49186232030078,0.001632439153329146,0.007886306862276093,0.942400656767965,0.00027621229700307536,1,0.951818316457469,mid_0.90_1.10,mid_0.00025_0.00055,delay_1,high_>=0.85,delay_1|high_>=0.85|mid_0.90_1.10|mid_0.00025_0.00055,1.6970126494774826,1.616920951971568,1.5271321742178363,1.3434237024616218
197,150197,success,True,False,False,19,158.0482442753361,0.004582728637053605,0.007996371529583657,0.9536143448576727,0.0004509399138493492,0,0.6046917040223972,mid_0.90_1.10,mid_0.00025_0.00055,delay_0,low_<0.70,delay_0|low_<0.70|mid_0.90_1.10|mid_0.00025_0.00055,1.7145301577602656,1.549372977678024,1.431140725969798,1.2321871527303196
198,150198,success,True,False,False,26,174.44176025518186,0.0049222562506587115,0.007775775599788481,1.0896858823417988,0.00022080310896851457,0,0.6242163205336225,mid_0.90_1.10,low_<0.00025,delay_0,low_<0.70,delay_0|low_<0.70|mid_0.90_1.10|low_<0.00025,1.5582944949569453,1.5817320533826607,1.1745700325486894,1.1901014704794102
199,150199,success,True,False,False,42,209.89412104773737,0.004821919192698572,0.007763312391258381,1.1700476519078997,0.0002930031155955807,0,0.8623322802212223,high_>1.10,mid_0.00025_0.00055,delay_0,high_>=0.85,delay_0|high_>=0.85|high_>1.10|mid_0.00025_0.00055,1.4422950706277042,1.5491946188612302,1.1338215021548221,1.2486983463882855
