episode,seed,outcome,success,collision,timeout,steps,episode_return,final_dist_xy,final_dist_z,min_dist_xy,min_dist_z,final_xy_bucket,min_xy_bucket,mean_action_z,mean_action_xy_norm,last_action_x,last_action_y,last_action_z,control_action_scale_multiplier,control_action_noise_std,control_action_delay,control_action_filter_alpha,scale_bucket,noise_bucket,delay_bucket,filter_bucket,joint_bucket,hole_half_size,peg_radius,hole_clearance
0,850000,success,True,False,False,31,156.72293750454608,0.004993471407246672,0.007575864660332554,0.004993471407246672,0.0053037319454563026,aligned_<0.005,aligned_<0.005,0.002550497598525497,0.00561684370410649,0.0040744515135884285,-0.002928029512986541,0.0021456582471728325,0.8454396932340984,0.0001704660451041493,2,0.6068305598746376,low_<0.90,low_<0.00025,delay_2,low_<0.70,delay_2|low_<0.70|low_<0.90|low_<0.00025,0.028183611272743145,0.011581562803346863,0.01660204846939628
1,850001,collision,False,True,False,8,-298.7045685059581,0.02105664611470198,0.035484661620023394,0.001549804624998796,0.035484661620023394,off_0.015_0.030,aligned_<0.005,-4.7683657612651587e-05,0.006165893601897395,0.004940779879689217,0.003946978598833084,0.0026934188790619373,1.0039468790354442,0.0001291008236006262,2,0.6025040952249416,mid_0.90_1.10,low_<0.00025,delay_2,low_<0.70,delay_2|low_<0.70|mid_0.90_1.10|low_<0.00025,0.028149522816454737,0.012380631033136648,0.01576889178331809
2,850002,success,True,False,False,21,136.68798972081305,0.0038374841867360654,0.0075742168754933115,0.0038374841867360654,0.005066277669058872,aligned_<0.005,aligned_<0.005,0.002093279246418249,0.005411703877867881,-0.003974216058850288,0.0009268606081604958,0.00377668347209692,0.8064621148306542,0.0001690105152373011,2,0.6237989846923551,low_<0.90,low_<0.00025,delay_2,low_<0.70,delay_2|low_<0.70|low_<0.90|low_<0.00025,0.028381830445460783,0.011590619686682367,0.016791210758778416
3,850003,collision,False,True,False,8,-289.7347569324207,0.022723887345673915,0.046195962555938275,0.01918855867013222,0.046195962555938275,off_0.015_0.030,off_0.015_0.030,0.004445866565220058,0.006528257533471554,0.004883297719061375,-0.004965032916516066,0.003642098978161812,0.8449602628987656,8.473697528825375e-06,2,0.6804466725090498,low_<0.90,low_<0.00025,delay_2,low_<0.70,delay_2|low_<0.70|low_<0.90|low_<0.00025,0.025311232310240957,0.011699028433995132,0.013612203876245826
4,850004,collision,False,True,False,7,-289.35322529241273,0.04223248098158276,0.048451547584481225,0.04223248098158276,0.048451547584481225,far_>=0.030,far_>=0.030,0.004215852224401065,0.006259839820559468,-0.00499067222699523,0.0038225604221224785,0.0046700891107320786,0.9134120395140612,0.00017980119624143662,2,0.6461360204736848,mid_0.90_1.10,low_<0.00025,delay_2,low_<0.70,delay_2|low_<0.70|mid_0.90_1.10|low_<0.00025,0.027730448182778044,0.011635370146957084,0.01609507803582096
5,850005,collision,False,True,False,6,-305.56553918793946,0.05482495976231335,0.04715176264021048,0.049160133384881934,0.04715176264021048,far_>=0.030,far_>=0.030,0.0007874059956520796,0.004411973455067397,0.001504260115325451,0.00038496311753988266,0.0011041010729968548,0.8316768120259951,5.062187461707962e-05,2,0.6133248622048367,low_<0.90,low_<0.00025,delay_2,low_<0.70,delay_2|low_<0.70|low_<0.90|low_<0.00025,0.026888361912456277,0.011776695041369216,0.015111666871087061
6,850006,success,True,False,False,16,128.39730775034596,0.0035376510100615577,0.007774049499579161,0.0035376510100615577,0.0064634945677959355,aligned_<0.005,aligned_<0.005,0.0011841854284284636,0.005449569058742681,-0.0023093728814274073,0.004369569011032581,0.003557240590453148,0.9420847500328542,1.7872337797540466e-05,2,0.6346408053462393,mid_0.90_1.10,low_<0.00025,delay_2,low_<0.70,delay_2|low_<0.70|mid_0.90_1.10|low_<0.00025,0.02752268214592051,0.011793396895754047,0.015729285250166467
7,850007,collision,False,True,False,7,-291.1959088461565,0.025984737915099206,0.04956764052821039,0.025984737915099206,0.04956764052821039,off_0.015_0.030,off_0.015_0.030,0.0038085196699414936,0.005922371118737578,-0.004897772800177336,-0.004907438065856695,0.0026269564405083656,0.995806178732298,3.276760444838156e-05,2,0.6065031779357766,mid_0.90_1.10,low_<0.00025,delay_2,low_<0.70,delay_2|low_<0.70|mid_0.90_1.10|low_<0.00025,0.0254354103199127,0.012371909464515014,0.013063500855397685
8,850008,collision,False,True,False,7,-297.24294112771497,0.06523740646598958,0.0492083552299144,0.06523740646598958,0.0492083552299144,far_>=0.030,far_>=0.030,0.004471988816346441,0.005731037360850777,-0.004999888129532337,0.0024242443032562733,0.004884206689894199,0.9633674394982752,4.135532745099016e-05,2,0.6339318596822452,mid_0.90_1.10,low_<0.00025,delay_2,low_<0.70,delay_2|low_<0.70|mid_0.90_1.10|low_<0.00025,0.026805747551511962,0.012439742469521302,0.01436600508199066
9,850009,success,True,False,False,28,141.28805546261015,0.00350862143365073,0.007636821267799521,0.0029039234064776485,0.006507495164742583,aligned_<0.005,aligned_<0.005,0.0024092671228572726,0.005773622250242497,0.00298953615128994,0.003586018458008766,0.004372905008494854,1.0613664741720767,0.00016071766542876613,2,0.5864069899824379,mid_0.90_1.10,low_<0.00025,delay_2,low_<0.70,delay_2|low_<0.70|mid_0.90_1.10|low_<0.00025,0.025278138252693632,0.011643744251656275,0.013634394001037357
10,850010,success,True,False,False,19,146.93107020318809,0.0047700145028220925,0.00835941891995906,0.0047700145028220925,0.007466366787042489,aligned_<0.005,aligned_<0.005,0.0032679687597249683,0.0060765000805006455,-0.004671089351177216,0.00406267587095499,0.003317994996905327,0.8479586239814912,0.0001901433234771438,2,0.6805218617528181,low_<0.90,low_<0.00025,delay_2,low_<0.70,delay_2|low_<0.70|low_<0.90|low_<0.00025,0.027540065717313305,0.012409338981200089,0.015130726736113216
11,850011,collision,False,True,False,7,-292.1270730639259,0.02426001769408048,0.04593120659335348,0.021169205390282875,0.04593120659335348,off_0.015_0.030,off_0.015_0.030,0.0037594367084758623,0.006808022994444322,0.004999153316020966,0.004943668842315674,0.0049899872392416,1.025459200251614,3.505455769856841e-05,2,0.592596967658441,mid_0.90_1.10,low_<0.00025,delay_2,low_<0.70,delay_2|low_<0.70|mid_0.90_1.10|low_<0.00025,0.025731196811382688,0.011563906376088178,0.01416729043529451
12,850012,collision,False,True,False,7,-288.70257790080507,0.03388232274859414,0.05008044611849605,0.03388232274859414,0.05008044611849605,far_>=0.030,far_>=0.030,0.004506679251790047,0.006430319675305572,-0.004999327473342419,-0.0049809603951871395,0.004715844988822937,0.9044612986709534,0.00011325334432471515,2,0.6967588708751471,mid_0.90_1.10,low_<0.00025,delay_2,low_<0.70,delay_2|low_<0.70|mid_0.90_1.10|low_<0.00025,0.025301695816907832,0.01236157067224261,0.012940125144665223
13,850013,collision,False,True,False,7,-290.43586419804694,0.04429721307351458,0.049416740817638805,0.04429721307351458,0.049416740817638805,far_>=0.030,far_>=0.030,0.004419542050787381,0.00616739266586183,-0.004999816883355379,-0.004098361358046532,0.004596852697432041,1.0326744848629514,5.303880552420093e-05,2,0.6489314971057181,mid_0.90_1.10,low_<0.00025,delay_2,low_<0.70,delay_2|low_<0.70|mid_0.90_1.10|low_<0.00025,0.02809601018172203,0.012303249507988662,0.01579276067373337
14,850014,collision,False,True,False,10,-289.05054051493704,0.020113338237218645,0.04365739960723414,0.009499596047740075,0.04365739960723414,off_0.015_0.030,near_0.005_0.015,0.002787611144594848,0.006087447574565333,0.004982681944966316,-0.0005571935325860977,-0.0025946509558707476,1.094386033737117,0.00024050871010710849,2,0.6527639520417835,mid_0.90_1.10,low_<0.00025,delay_2,low_<0.70,delay_2|low_<0.70|mid_0.90_1.10|low_<0.00025,0.027554097188053746,0.01246934861334966,0.015084748574704087
15,850015,collision,False,True,False,6,-293.3336966134767,0.05139973683546806,0.04935244483757362,0.05139973683546806,0.04935244483757362,far_>=0.030,far_>=0.030,0.003993647328267495,0.005701108368930132,-0.004998174030333757,0.0033336328342556953,0.004900744184851646,0.9120465446685748,8.408052601512827e-05,2,0.613571666988159,mid_0.90_1.10,low_<0.00025,delay_2,low_<0.70,delay_2|low_<0.70|mid_0.90_1.10|low_<0.00025,0.028091377124174963,0.011819469848186279,0.016271907275988685
16,850016,collision,False,True,False,7,-289.26644905975337,0.023913108956968035,0.048462441656198285,0.023913108956968035,0.048462441656198285,off_0.015_0.030,off_0.015_0.030,0.004163671284914017,0.007064161845231081,-0.004989556036889553,0.004999573342502117,0.003109760582447052,0.8037005374778482,2.046108679236089e-05,2,0.6618818709179203,low_<0.90,low_<0.00025,delay_2,low_<0.70,delay_2|low_<0.70|low_<0.90|low_<0.00025,0.027502022243308655,0.011648102107258886,0.01585392013604977
17,850017,collision,False,True,False,8,-299.9003563437226,0.022859860348851083,0.03049984631669722,0.005385639503886485,0.03049984631669722,off_0.015_0.030,near_0.005_0.015,4.6394154196605086e-05,0.0054498107484336035,0.004994683898985386,0.00456683523952961,0.004615853540599346,1.0201967583688607,0.00022014268859625298,2,0.647460051501266,mid_0.90_1.10,low_<0.00025,delay_2,low_<0.70,delay_2|low_<0.70|mid_0.90_1.10|low_<0.00025,0.027807877581114793,0.011537823368480686,0.016270054212634107
18,850018,success,True,False,False,87,138.92876471235746,0.004934184145581606,0.008242117151473827,0.004934184145581606,0.006096472748354564,aligned_<0.005,aligned_<0.005,0.000423982391540689,0.0031567187461787045,-0.0011065318249166012,-0.0014075380750000477,0.0018054507672786713,1.006254588773779,0.0001849534555016816,2,0.5534205076265947,mid_0.90_1.10,low_<0.00025,delay_2,low_<0.70,delay_2|low_<0.70|mid_0.90_1.10|low_<0.00025,0.025971859166031754,0.012406369081815928,0.013565490084215827
19,850019,collision,False,True,False,6,-294.87715785432044,0.0314884956193861,0.04848691765147284,0.0314884956193861,0.04848691765147284,far_>=0.030,far_>=0.030,0.0030831610783934593,0.0057358321897122,0.004717467352747917,0.004894332028925419,0.00481007806956768,0.8592318232779568,0.00015864369916918113,2,0.6195902176928361,low_<0.90,low_<0.00025,delay_2,low_<0.70,delay_2|low_<0.70|low_<0.90|low_<0.00025,0.027537123806103448,0.012271761190721764,0.015265362615381684
20,850020,collision,False,True,False,9,-296.2960644159977,0.020379401170692594,0.019750823122653194,0.003586099081848822,0.019750823122653194,off_0.015_0.030,aligned_<0.005,0.0001847141215370761,0.0059145761911372115,0.004964978434145451,-0.004764058627188206,0.004613224416971207,1.0577523534058557,0.00011221237475143167,2,0.6743514800032107,mid_0.90_1.10,low_<0.00025,delay_2,low_<0.70,delay_2|low_<0.70|mid_0.90_1.10|low_<0.00025,0.026853516381578676,0.012092890141383915,0.01476062624019476
21,850021,collision,False,True,False,7,-294.86162937465207,0.024744004625369385,0.04448155268103926,0.023265460486206018,0.04448155268103926,off_0.015_0.030,off_0.015_0.030,0.00271100111837898,0.006612723935938728,0.004819241352379322,0.004670118913054466,0.0034870384261012077,0.9292147604759607,0.0002489199191961197,2,0.6101233704444116,mid_0.90_1.10,low_<0.00025,delay_2,low_<0.70,delay_2|low_<0.70|mid_0.90_1.10|low_<0.00025,0.02596073011445938,0.011586097303055357,0.014374632811404024
22,850022,collision,False,True,False,6,-301.51471083528014,0.02277864539984884,0.0453388049320671,0.016413717760718722,0.0453388049320671,off_0.015_0.030,off_0.015_0.030,-0.0023235762491822243,0.005740745025118281,0.004671504721045494,-0.004127548076212406,-0.001044203992933035,1.0615544653540547,0.00010366716674505847,2,0.6919251514360041,mid_0.90_1.10,low_<0.00025,delay_2,low_<0.70,delay_2|low_<0.70|mid_0.90_1.10|low_<0.00025,0.02614576612401844,0.011760421198102613,0.014385344925915826
23,850023,success,True,False,False,48,194.3277512103686,0.0047775571720986695,0.007796491347981327,0.0047775571720986695,0.006947073974910456,aligned_<0.005,aligned_<0.005,0.0037248065733971694,0.0050026598499217385,0.0009130281396210194,0.0026501924730837345,0.0036898571997880936,0.961084207635194,1.174952086314096e-05,2,0.5768481317979309,mid_0.90_1.10,low_<0.00025,delay_2,low_<0.70,delay_2|low_<0.70|mid_0.90_1.10|low_<0.00025,0.025127117781224586,0.01180202736180328,0.013325090419421306
24,850024,collision,False,True,False,7,-294.74498340444904,0.030004005440053834,0.048869574936143634,0.030004005440053834,0.048869574936143634,far_>=0.030,far_>=0.030,0.003723027982882091,0.005635618203410732,0.0029862411320209503,-0.004795609042048454,0.0033436380326747894,0.8330504134756773,0.00018155409768612457,2,0.6282061758805628,low_<0.90,low_<0.00025,delay_2,low_<0.70,delay_2|low_<0.70|low_<0.90|low_<0.00025,0.02534531944556429,0.012068149094575263,0.013277170350989026
25,850025,collision,False,True,False,8,-283.75966295275174,0.02495083003578995,0.04912754459969526,0.02495083003578995,0.04912754459969526,off_0.015_0.030,off_0.015_0.030,0.004709548316895962,0.006746840646657643,-0.004999895114451647,0.004809299483895302,0.004834738560020924,1.098524398411821,0.0001480326128858158,2,0.5930186870556583,mid_0.90_1.10,low_<0.00025,delay_2,low_<0.70,delay_2|low_<0.70|mid_0.90_1.10|low_<0.00025,0.02583983225019614,0.01155511960564579,0.014284712644550352
26,850026,success,True,False,False,21,133.27895009330982,0.004891125224091295,0.008061097398916917,0.0031954114260062147,0.006065520821682657,aligned_<0.005,aligned_<0.005,0.0013968230535586674,0.006155573769107326,-0.004835020285099745,-0.004731527529656887,0.0029497770592570305,0.9016756415219641,3.709051892945875e-06,2,0.5850632199370382,mid_0.90_1.10,low_<0.00025,delay_2,low_<0.70,delay_2|low_<0.70|mid_0.90_1.10|low_<0.00025,0.027966336765993832,0.01198281696501404,0.01598351980097979
27,850027,success,True,False,False,16,131.738692439702,0.002851331847880798,0.008357674018551586,0.002851331847880798,0.0066031717374605,aligned_<0.005,aligned_<0.005,0.0020673586695920676,0.006664576320489274,-0.0023454660549759865,0.004737271927297115,0.0045622410252690315,0.8413697425014054,0.00013079055922194524,2,0.6663501683319,low_<0.90,low_<0.00025,delay_2,low_<0.70,delay_2|low_<0.70|low_<0.90|low_<0.00025,0.028127891289431176,0.012223259159671932,0.015904632129759243
28,850028,collision,False,True,False,6,-292.2018399756592,0.03240529264591687,0.048934229199818824,0.03240529264591687,0.048934229199818824,far_>=0.030,far_>=0.030,0.0032505226166297994,0.0060779179718597745,-0.0049939388409256935,-0.004869784228503704,0.004350101575255394,1.0205831322483876,0.00022325654408891562,2,0.6441331286710185,mid_0.90_1.10,low_<0.00025,delay_2,low_<0.70,delay_2|low_<0.70|mid_0.90_1.10|low_<0.00025,0.02839042209950656,0.011917789679443265,0.016472632420063298
29,850029,success,True,False,False,47,169.24906661119493,0.004962255964844468,0.007791258277602964,0.004884377501127992,0.005898481876291384,aligned_<0.005,aligned_<0.005,0.002333649409380048,0.003742052653560133,0.0030477698892354965,0.000567613635212183,0.0038006631657481194,1.093897868302041,2.2452623630155045e-05,2,0.6655582216870846,mid_0.90_1.10,low_<0.00025,delay_2,low_<0.70,delay_2|low_<0.70|mid_0.90_1.10|low_<0.00025,0.026004217738672612,0.01192344262183001,0.014080775116842602
30,850030,success,True,False,False,26,150.7955304468438,0.004979982178805483,0.008261509024626634,0.004979982178805483,0.007141791216965454,aligned_<0.005,aligned_<0.005,0.003681053317940006,0.006265108356248427,-0.0025760892312973738,0.004346249625086784,0.0041960300877690315,0.8147360230032124,0.00021521194184176746,2,0.6801893838542602,low_<0.90,low_<0.00025,delay_2,low_<0.70,delay_2|low_<0.70|low_<0.90|low_<0.00025,0.0272207710285762,0.012312971063032004,0.014907799965544198
31,850031,collision,False,True,False,6,-293.74860433451096,0.027377381965345268,0.048435967642025846,0.027377381965345268,0.048435967642025846,off_0.015_0.030,off_0.015_0.030,0.0024532807680467763,0.006722883304997578,-0.004997318144887686,-0.004536333493888378,0.0005430686287581921,0.8075063412596352,0.00017548094787321605,2,0.5925651130509242,low_<0.90,low_<0.00025,delay_2,low_<0.70,delay_2|low_<0.70|low_<0.90|low_<0.00025,0.026025363727106048,0.011515743996053906,0.014509619731052142
32,850032,collision,False,True,False,7,-293.03835990825564,0.043869234217458135,0.04929997888900883,0.043869234217458135,0.04929997888900883,far_>=0.030,far_>=0.030,0.004556775625262942,0.005796507596866581,-0.0049990033730864525,-0.0048062801361083984,0.0045079430565238,0.9197411926506681,0.0001294168527613011,2,0.6522890955879557,mid_0.90_1.10,low_<0.00025,delay_2,low_<0.70,delay_2|low_<0.70|mid_0.90_1.10|low_<0.00025,0.027210739813163597,0.011945988641063807,0.01526475117209979
33,850033,success,True,False,False,26,157.95155857954862,0.003317592482332726,0.007867746231387418,0.003317592482332726,0.006503072718251901,aligned_<0.005,aligned_<0.005,0.0038676360586228278,0.00612900611873401,-0.0014641075395047665,0.004781445488333702,0.004384205676615238,0.8351572963064072,5.774991090309481e-05,2,0.6516088227598449,low_<0.90,low_<0.00025,delay_2,low_<0.70,delay_2|low_<0.70|low_<0.90|low_<0.00025,0.02857938113460757,0.011908828583977434,0.016670552550630137
34,850034,collision,False,True,False,7,-294.8206134602156,0.04378609355100259,0.04922734481948643,0.04378609355100259,0.04922734481948643,far_>=0.030,far_>=0.030,0.004435439594089985,0.005210672449944817,-0.004790056962519884,0.0019915462471544743,0.004701427184045315,0.8853253740450571,9.111880959082547e-05,2,0.6718730624434892,low_<0.90,low_<0.00025,delay_2,low_<0.70,delay_2|low_<0.70|low_<0.90|low_<0.00025,0.02798956549863714,0.012017552135102895,0.015972013363534245
35,850035,success,True,False,False,20,137.112897576586,0.003887709693846319,0.007606463502227934,0.003887709693846319,0.005106444429970658,aligned_<0.005,aligned_<0.005,0.0017241989262402058,0.005329055058466233,-0.0018812315538525581,0.004061814397573471,0.0044234516099095345,0.8245689201943267,0.0001237377037396848,2,0.6806325168608045,low_<0.90,low_<0.00025,delay_2,low_<0.70,delay_2|low_<0.70|low_<0.90|low_<0.00025,0.028183990506453458,0.011576400633151365,0.016607589873302093
36,850036,success,True,False,False,14,121.27050495768744,0.003063814269487061,0.005991215923974225,0.003063814269487061,0.005991215923974225,aligned_<0.005,aligned_<0.005,0.001526264357380569,0.005529383590083225,-0.003917511086910963,-0.0034559201449155807,0.002953009679913521,1.056160960793521,4.248214348047516e-05,2,0.6103018336787709,mid_0.90_1.10,low_<0.00025,delay_2,low_<0.70,delay_2|low_<0.70|mid_0.90_1.10|low_<0.00025,0.027157703743470107,0.012442307262218693,0.014715396481251414
37,850037,collision,False,True,False,6,-297.384397290478,0.020545618810861453,0.04647704089711935,0.01983570320808127,0.04647704089711935,off_0.015_0.030,off_0.015_0.030,0.0023461158076922097,0.005984408560456666,0.004999454133212566,0.003787432797253132,0.004967995919287205,0.9575451475695361,0.00020433704205700964,2,0.6947258190576472,mid_0.90_1.10,low_<0.00025,delay_2,low_<0.70,delay_2|low_<0.70|mid_0.90_1.10|low_<0.00025,0.02597251922190086,0.011886486350529465,0.014086032871371394
38,850038,collision,False,True,False,10,-287.34134918138324,0.024193985588925885,0.045862702081004514,0.014948468916857947,0.045862702081004514,off_0.015_0.030,near_0.005_0.015,0.0021646729204803706,0.006391927151821582,0.0048560164868831635,0.0049828821793198586,7.554329931735992e-05,1.0701501597256418,0.00016592256925603916,2,0.674200857349733,mid_0.90_1.10,low_<0.00025,delay_2,low_<0.70,delay_2|low_<0.70|mid_0.90_1.10|low_<0.00025,0.027853610235304187,0.011559302779469195,0.016294307455834992
39,850039,collision,False,True,False,6,-295.72777357469533,0.059858633196515375,0.04809241736840031,0.059858633196515375,0.04809241736840031,far_>=0.030,far_>=0.030,0.002560757721463839,0.005787739249619024,-0.004999727942049503,-0.004988215398043394,0.003967585042119026,0.8443859175664832,8.600713275164357e-05,2,0.5844072754258322,low_<0.90,low_<0.00025,delay_2,low_<0.70,delay_2|low_<0.70|low_<0.90|low_<0.00025,0.028787748779705705,0.011690422726203506,0.0170973260535022
40,850040,collision,False,True,False,12,-288.0842123022046,0.03546875146908764,0.049476152863606626,0.01619914892830341,0.049476152863606626,far_>=0.030,off_0.015_0.030,0.002340093080420047,0.00645600512044094,0.004981108009815216,0.0042890580371022224,0.0009437142871320248,1.0169476959503791,0.00019986127430237787,2,0.6476410419286011,mid_0.90_1.10,low_<0.00025,delay_2,low_<0.70,delay_2|low_<0.70|mid_0.90_1.10|low_<0.00025,0.028184417889768328,0.012389530574173684,0.015794887315594645
41,850041,collision,False,True,False,6,-292.74283903669823,0.051002119509509766,0.04961957705970399,0.051002119509509766,0.04961957705970399,far_>=0.030,far_>=0.030,0.0032449481077492237,0.005928199019222401,-0.004992070607841015,0.003575928509235382,0.00454020407050848,1.0893666998973346,0.00014626953428684928,2,0.6756266212476312,mid_0.90_1.10,low_<0.00025,delay_2,low_<0.70,delay_2|low_<0.70|mid_0.90_1.10|low_<0.00025,0.02874379875168369,0.012192262325180983,0.016551536426502707
42,850042,collision,False,True,False,15,-282.8862473593611,0.033545479098242695,0.04911247259729734,0.02890703567722003,0.04911247259729734,far_>=0.030,off_0.015_0.030,0.002833351632580161,0.0061309795009102976,0.004781722091138363,0.004850422963500023,0.0019569569267332554,1.0278540621446326,9.48943086070053e-05,2,0.6194794978293261,mid_0.90_1.10,low_<0.00025,delay_2,low_<0.70,delay_2|low_<0.70|mid_0.90_1.10|low_<0.00025,0.025860148735830927,0.01233459105868431,0.013525557677146617
43,850043,success,True,False,False,27,152.94867529899466,0.0040731322496066705,0.008312180557856208,0.0040731322496066705,0.006858440721699166,aligned_<0.005,aligned_<0.005,0.0035696672448129567,0.005983015536564129,-0.003500542836263776,0.004048323258757591,0.004658871330320835,0.8888441779291926,0.0001244060068746608,2,0.6353617903765977,low_<0.90,low_<0.00025,delay_2,low_<0.70,delay_2|low_<0.70|low_<0.90|low_<0.00025,0.02849357128520207,0.012264753165775735,0.016228818119426336
44,850044,collision,False,True,False,6,-293.21519311384435,0.04290964721304242,0.04870204984005144,0.04290964721304242,0.04870204984005144,far_>=0.030,far_>=0.030,0.0031142632166544595,0.005756369104025899,-0.004970375448465347,0.00309034064412117,0.004533205181360245,0.9629435583571173,3.8841676987704465e-05,2,0.565314016545368,mid_0.90_1.10,low_<0.00025,delay_2,low_<0.70,delay_2|low_<0.70|mid_0.90_1.10|low_<0.00025,0.025599495727468585,0.012295609500681513,0.013303886226787073
45,850045,success,True,False,False,26,150.4968505784617,0.0034054059831595167,0.008588159774962079,0.0034054059831595167,0.007008006433167346,aligned_<0.005,aligned_<0.005,0.003071769973478065,0.005474530809531085,-0.002144114812836051,0.0031581763178110123,0.003918055444955826,1.0449945307708295,8.105372010942551e-06,2,0.666828489550382,mid_0.90_1.10,low_<0.00025,delay_2,low_<0.70,delay_2|low_<0.70|mid_0.90_1.10|low_<0.00025,0.028749701302210492,0.012351683517972894,0.0163980177842376
46,850046,collision,False,True,False,7,-292.5627245098712,0.05389014548299912,0.048680766859092284,0.05389014548299912,0.048680766859092284,far_>=0.030,far_>=0.030,0.004574132684086051,0.005862077149954825,-0.0049997069872915745,0.004613871686160564,0.00482601672410965,0.8101930890838237,0.000139694833217628,2,0.5660749647082145,low_<0.90,low_<0.00025,delay_2,low_<0.70,delay_2|low_<0.70|low_<0.90|low_<0.00025,0.025236816998071596,0.012163207222354186,0.01307360977571741
47,850047,success,True,False,False,28,162.37648478669627,0.004386424444406229,0.007704855259374699,0.004386424444406229,0.007036962440902461,aligned_<0.005,aligned_<0.005,0.004249976182888661,0.006240478285419857,-0.0029446398839354515,0.004034970887005329,0.00474096555262804,0.8435129319574508,0.0001312886356981705,2,0.5943572055283601,low_<0.90,low_<0.00025,delay_2,low_<0.70,delay_2|low_<0.70|low_<0.90|low_<0.00025,0.027217817085812612,0.011736121181106866,0.015481695904705746
48,850048,success,True,False,False,20,139.56508186915684,0.004362091959369368,0.008055443857231781,0.002698040830700205,0.005967379843945686,aligned_<0.005,aligned_<0.005,0.0021605281508527696,0.005692155223789191,0.004778752103447914,0.0036338716745376587,0.004405229352414608,0.8832785931469737,0.0002373835350804457,2,0.5537341958067353,low_<0.90,low_<0.00025,delay_2,low_<0.70,delay_2|low_<0.70|low_<0.90|low_<0.00025,0.02632435941778051,0.01203793863204835,0.014286420785732161
49,850049,success,True,False,False,20,146.21885229414366,0.0046296247145086785,0.007616754817259985,0.0046296247145086785,0.007616754817259985,aligned_<0.005,aligned_<0.005,0.0034168240847066043,0.00648195878987818,0.00341904629021883,0.004698467440903187,0.0041208695620298386,1.0960143330646783,0.0002220013448009846,2,0.5544945477340851,mid_0.90_1.10,low_<0.00025,delay_2,low_<0.70,delay_2|low_<0.70|mid_0.90_1.10|low_<0.00025,0.02585503470911262,0.011653542291385127,0.014201492417727491
50,850050,collision,False,True,False,7,-290.2261426895242,0.031183698429983378,0.0494636311381742,0.031183698429983378,0.0494636311381742,far_>=0.030,far_>=0.030,0.0041472021756427625,0.006837142327946836,0.004432376474142075,0.004493785090744495,0.004531974904239178,1.0360515223664981,0.0001590656479451854,2,0.5880994844404751,mid_0.90_1.10,low_<0.00025,delay_2,low_<0.70,delay_2|low_<0.70|mid_0.90_1.10|low_<0.00025,0.0285630950568374,0.012247610581274711,0.016315484475562688
51,850051,success,True,False,False,55,204.55443395684904,0.00492248319373329,0.007729915144543464,0.00492248319373329,0.0070480095369691576,aligned_<0.005,aligned_<0.005,0.003403812587599863,0.005272583925291705,0.004506747238337994,0.0009884955361485481,-0.00015024375170469284,0.8673428888531374,0.0002107166209074561,2,0.6734484991540218,low_<0.90,low_<0.00025,delay_2,low_<0.70,delay_2|low_<0.70|low_<0.90|low_<0.00025,0.027751490276111825,0.011981263981281935,0.015770226294829888
52,850052,collision,False,True,False,8,-289.12308875680696,0.024482091412475003,0.04840553304443773,0.016548659915556194,0.04840553304443773,off_0.015_0.030,off_0.015_0.030,0.002988927939441055,0.006584579552293475,0.004913506098091602,-0.004904165863990784,-0.00019322242587804794,1.0541707939733906,9.482569224362905e-05,2,0.6693821623860766,mid_0.90_1.10,low_<0.00025,delay_2,low_<0.70,delay_2|low_<0.70|mid_0.90_1.10|low_<0.00025,0.02880815378279913,0.012268667123218504,0.016539486659580625
53,850053,collision,False,True,False,6,-294.72123837089123,0.05284205262322695,0.04935369168090109,0.05284205262322695,0.04935369168090109,far_>=0.030,far_>=0.030,0.003500963794067502,0.005618615679046988,-0.00499842269346118,-0.0023465545382350683,0.004737759940326214,0.9718834462510892,6.521066240250673e-07,2,0.6305197421684869,mid_0.90_1.10,low_<0.00025,delay_2,low_<0.70,delay_2|low_<0.70|mid_0.90_1.10|low_<0.00025,0.025127935915565013,0.01220117189019158,0.012926764025373433
54,850054,collision,False,True,False,6,-295.7182379873236,0.027619938019458383,0.047629218954132524,0.027619938019458383,0.047629218954132524,off_0.015_0.030,off_0.015_0.030,-0.0010627260974918802,0.006990853762458627,-0.004445312079042196,0.004989057779312134,0.0006313822232186794,0.9053223745341996,0.00013008116093561078,2,0.6795236914682626,mid_0.90_1.10,low_<0.00025,delay_2,low_<0.70,delay_2|low_<0.70|mid_0.90_1.10|low_<0.00025,0.028491894208586933,0.012239683419407153,0.01625221078917978
55,850055,success,True,False,False,48,174.54711496359798,0.004871027169048194,0.008102468668602203,0.002457579168826512,0.004947564286693185,aligned_<0.005,aligned_<0.005,0.002343984214045728,0.004822163518499299,0.00475541315972805,-0.00024988362565636635,0.002342867199331522,0.9443158406098342,5.003535456599531e-05,2,0.6447114920754553,mid_0.90_1.10,low_<0.00025,delay_2,low_<0.70,delay_2|low_<0.70|mid_0.90_1.10|low_<0.00025,0.027513556184589283,0.011998643660433335,0.015514912524155948
56,850056,collision,False,True,False,6,-292.6568826712281,0.04529722496018926,0.049187291455538684,0.04529722496018926,0.049187291455538684,far_>=0.030,far_>=0.030,0.0031608760667343936,0.006159623324462164,-0.004996664356440306,-0.00489809038117528,0.0044445497915148735,1.031815719955933,0.00011386958072643458,2,0.5599990456957675,mid_0.90_1.10,low_<0.00025,delay_2,low_<0.70,delay_2|low_<0.70|mid_0.90_1.10|low_<0.00025,0.025314574177274243,0.012170615074804473,0.01314395910246977
57,850057,collision,False,True,False,12,-293.8527844165023,0.020261307755436282,0.018566485580013614,0.012001744545417093,0.018566485580013614,off_0.015_0.030,near_0.005_0.015,0.001570425578393042,0.006294322815833896,0.00481607299298048,0.0035637961700558662,0.0035874461755156517,0.9148809578861482,2.0109403021019572e-05,2,0.5747854869902926,mid_0.90_1.10,low_<0.00025,delay_2,low_<0.70,delay_2|low_<0.70|mid_0.90_1.10|low_<0.00025,0.026748214810774912,0.011739068663714564,0.015009146147060348
58,850058,collision,False,True,False,6,-293.5196205795162,0.04812717507272409,0.0497101826978007,0.04812717507272409,0.0497101826978007,far_>=0.030,far_>=0.030,0.0036049559712409973,0.005155765850534524,-0.004969780799001455,0.0016400618478655815,0.004240565933287144,0.9999871651114034,5.633546503845568e-05,2,0.5573704922472018,mid_0.90_1.10,low_<0.00025,delay_2,low_<0.70,delay_2|low_<0.70|mid_0.90_1.10|low_<0.00025,0.02892867994017998,0.012241908139382545,0.01668677180079744
59,850059,collision,False,True,False,7,-292.0866300932861,0.03699724508438952,0.04838966632285957,0.03699724508438952,0.04838966632285957,far_>=0.030,far_>=0.030,0.004103076112057481,0.005895938836733187,-0.004495615605264902,0.004327042959630489,0.0044595059007406235,0.8707219908076972,0.0001297241671488579,2,0.6762984062917533,low_<0.90,low_<0.00025,delay_2,low_<0.70,delay_2|low_<0.70|low_<0.90|low_<0.00025,0.02741404323529225,0.011629188652449267,0.015784854582842983
60,850060,collision,False,True,False,6,-296.15484778284036,0.031256515289958514,0.049378282508277915,0.027768375982289994,0.049378282508277915,far_>=0.030,off_0.015_0.030,0.0033935062432040772,0.005114955105190315,0.004968789406120777,-0.004807425197213888,0.004597348161041737,0.9005164729393719,5.5555100175233715e-05,2,0.5560733093840532,mid_0.90_1.10,low_<0.00025,delay_2,low_<0.70,delay_2|low_<0.70|mid_0.90_1.10|low_<0.00025,0.02604017114113927,0.012014529566323219,0.014025641574816053
61,850061,collision,False,True,False,7,-306.5418374900131,0.06084351854641605,0.048509095081403775,0.04119500000984081,0.048509095081403775,far_>=0.030,far_>=0.030,0.0034310768491455485,0.0047344216259141364,0.004870285280048847,0.003135155886411667,0.004830873571336269,0.8830626046680959,0.00013039868428911256,2,0.6395296970648974,low_<0.90,low_<0.00025,delay_2,low_<0.70,delay_2|low_<0.70|low_<0.90|low_<0.00025,0.025785409888693635,0.01211401658382123,0.013671393304872406
62,850062,collision,False,True,False,7,-290.8675020856793,0.028195129001907925,0.0491482582695274,0.028195129001907925,0.0491482582695274,off_0.015_0.030,off_0.015_0.030,0.0033560095221868585,0.005957681987230359,-0.0049995239824056625,-0.004714525770395994,0.00256245955824852,0.9537693213816077,0.0002438366276578043,2,0.6289413568791599,mid_0.90_1.10,low_<0.00025,delay_2,low_<0.70,delay_2|low_<0.70|mid_0.90_1.10|low_<0.00025,0.027676660058174853,0.01245231266586627,0.015224347392308582
63,850063,collision,False,True,False,6,-293.16072413731365,0.05194455378144082,0.04852960877043899,0.05194455378144082,0.04852960877043899,far_>=0.030,far_>=0.030,0.001958870484183232,0.006113303378974484,-0.004999089520424604,-0.004582711961120367,0.002904050052165985,1.0381770113502973,0.000236123002971944,2,0.6515854736819259,mid_0.90_1.10,low_<0.00025,delay_2,low_<0.70,delay_2|low_<0.70|mid_0.90_1.10|low_<0.00025,0.027102825202184377,0.01230984691220666,0.014792978289977717
64,850064,success,True,False,False,22,150.1150898613131,0.003700528327947475,0.007888994309124597,0.003700528327947475,0.0074752827141278955,aligned_<0.005,aligned_<0.005,0.0038589332676069303,0.006240447808069072,0.004854990169405937,0.004009997472167015,0.004738868214190006,0.8775855517034904,0.00022131110085980323,2,0.5922740626322771,low_<0.90,low_<0.00025,delay_2,low_<0.70,delay_2|low_<0.70|low_<0.90|low_<0.00025,0.025498924293575195,0.011902366460793477,0.013596557832781717
65,850065,success,True,False,False,21,136.1710881534378,0.003224810502886,0.007951423502676191,0.003224810502886,0.005547316018220783,aligned_<0.005,aligned_<0.005,0.0017192776847098554,0.005470069711781377,-0.0038812924176454544,0.0039053047075867653,0.004290243610739708,0.8891513964475681,0.00011653625988264135,2,0.5583283436248123,low_<0.90,low_<0.00025,delay_2,low_<0.70,delay_2|low_<0.70|low_<0.90|low_<0.00025,0.028486041233303283,0.011894077767838762,0.016591963465464522
66,850066,collision,False,True,False,7,-295.9357095919101,0.05462303976931655,0.048999086587588225,0.05462303976931655,0.048999086587588225,far_>=0.030,far_>=0.030,0.003948572224804333,0.005128016552250457,-0.004959080833941698,-0.002581341192126274,0.004833427257835865,0.9787622770047313,7.382956349916892e-05,2,0.5909067214340814,mid_0.90_1.10,low_<0.00025,delay_2,low_<0.70,delay_2|low_<0.70|mid_0.90_1.10|low_<0.00025,0.026818600028677062,0.0124171786932587,0.014401421335418363
67,850067,collision,False,True,False,7,-292.8899411177082,0.030330372786756887,0.04906048247784689,0.030330372786756887,0.04906048247784689,far_>=0.030,far_>=0.030,0.0032521714456379414,0.006251294219321595,0.004888845607638359,-0.004990617744624615,0.003641495481133461,0.8777917622932037,2.6631404339553995e-05,2,0.6449729859719032,low_<0.90,low_<0.00025,delay_2,low_<0.70,delay_2|low_<0.70|low_<0.90|low_<0.00025,0.02719542126190764,0.011637133240549763,0.015558288021357876
68,850068,collision,False,True,False,7,-296.54907783776696,0.04505605340181987,0.04842613932805584,0.04505605340181987,0.04842613932805584,far_>=0.030,far_>=0.030,0.0041658758584942135,0.0055411592529895715,-0.0043094283901154995,-0.004537835717201233,0.00454546045511961,0.8722047160905995,6.622281883329695e-05,2,0.607876156490342,low_<0.90,low_<0.00025,delay_2,low_<0.70,delay_2|low_<0.70|low_<0.90|low_<0.00025,0.026364339145600414,0.011835396339190176,0.014528942806410238
69,850069,collision,False,True,False,7,-289.70261064308045,0.03448291531128969,0.04837479659506905,0.03448291531128969,0.04837479659506905,far_>=0.030,far_>=0.030,0.00389044638723135,0.006547674206994665,-0.0049806865863502026,0.004548300057649612,0.004225709475576878,0.8605008501979294,8.641833012150538e-05,2,0.6881845600116605,low_<0.90,low_<0.00025,delay_2,low_<0.70,delay_2|low_<0.70|low_<0.90|low_<0.00025,0.027476596284725756,0.011822777448312966,0.01565381883641279
70,850070,collision,False,True,False,9,-284.6010206445984,0.023875043762429726,0.04778071084390123,0.01957013122215104,0.04778071084390123,off_0.015_0.030,off_0.015_0.030,0.004463384341862466,0.006959939383704418,0.004976999945938587,-0.004997645504772663,0.0037202006205916405,0.9511367196722549,0.00014844086596738724,2,0.6406775535098673,mid_0.90_1.10,low_<0.00025,delay_2,low_<0.70,delay_2|low_<0.70|mid_0.90_1.10|low_<0.00025,0.02712290863394172,0.01208855124253563,0.01503435739140609
71,850071,collision,False,True,False,6,-293.3960795265499,0.033941378505492344,0.04885898331065297,0.033941378505492344,0.04885898331065297,far_>=0.030,far_>=0.030,0.003086039408420523,0.005949408361338326,-0.004999482072889805,0.0019132094457745552,0.003855738788843155,1.0054961304763972,0.00014035917866781554,2,0.6116248989217379,mid_0.90_1.10,low_<0.00025,delay_2,low_<0.70,delay_2|low_<0.70|mid_0.90_1.10|low_<0.00025,0.027586867879382703,0.012162572771775506,0.015424295107607197
72,850072,success,True,False,False,38,169.26277624619155,0.003745347710723903,0.00790242758343862,0.003745347710723903,0.007086248498885506,aligned_<0.005,aligned_<0.005,0.003497417250305022,0.006081349625700096,0.0012121559120714664,0.002471087034791708,0.003087664023041725,1.0175401030913784,0.0002091500832732952,2,0.6637657407208183,mid_0.90_1.10,low_<0.00025,delay_2,low_<0.70,delay_2|low_<0.70|mid_0.90_1.10|low_<0.00025,0.02748884760900671,0.011619178835607083,0.015869668773399626
73,850073,success,True,False,False,20,139.06849100748423,0.0032508795880343425,0.007471130397003645,0.0032508795880343425,0.00718693498123002,aligned_<0.005,aligned_<0.005,0.002878708788193762,0.006148514747665202,0.0030241068452596664,0.0046452805399894714,0.004225640557706356,1.0174697236672086,0.000199877739462543,2,0.6171246479912602,mid_0.90_1.10,low_<0.00025,delay_2,low_<0.70,delay_2|low_<0.70|mid_0.90_1.10|low_<0.00025,0.025825919101356835,0.011551475702969284,0.014274443398387552
74,850074,collision,False,True,False,7,-289.57668595335826,0.03352414105170073,0.04890834578473857,0.03352414105170073,0.04890834578473857,far_>=0.030,far_>=0.030,0.004495824288044657,0.00643672067057787,-0.004949633963406086,0.0048377979546785355,0.004210771061480045,0.9444492394677024,0.0002105391234692319,2,0.6462207564195833,mid_0.90_1.10,low_<0.00025,delay_2,low_<0.70,delay_2|low_<0.70|mid_0.90_1.10|low_<0.00025,0.028715503733589515,0.011681195883558725,0.01703430785003079
75,850075,collision,False,True,False,7,-288.29301625872796,0.02690524527915758,0.04954315001101417,0.02690524527915758,0.04954315001101417,off_0.015_0.030,off_0.015_0.030,0.004223853615777833,0.006541050819596451,-0.004601097200065851,0.004785617813467979,0.0039046481251716614,1.0194690060202276,0.0001690625585105026,2,0.6213318657488428,mid_0.90_1.10,low_<0.00025,delay_2,low_<0.70,delay_2|low_<0.70|mid_0.90_1.10|low_<0.00025,0.025101644456340163,0.012453480358516358,0.012648164097823805
76,850076,collision,False,True,False,6,-292.77897967110994,0.052618612370964685,0.04921020189197878,0.052618612370964685,0.04921020189197878,far_>=0.030,far_>=0.030,0.003705106054743131,0.006215023031404533,-0.004997226409614086,0.00478464737534523,0.004759815521538258,0.9413672482685459,0.00010918301646202753,2,0.6368429664999595,mid_0.90_1.10,low_<0.00025,delay_2,low_<0.70,delay_2|low_<0.70|mid_0.90_1.10|low_<0.00025,0.027109715886727243,0.012258861387870284,0.01485085449885696
77,850077,collision,False,True,False,6,-293.686165419915,0.04580374368258723,0.048679153491768545,0.04580374368258723,0.048679153491768545,far_>=0.030,far_>=0.030,0.0023472648269186416,0.006872012245629038,-0.0049994708970189095,-0.004982156213372946,0.0046447040513157845,0.8469799417199373,0.00012486270523580495,2,0.6102636696262236,low_<0.90,low_<0.00025,delay_2,low_<0.70,delay_2|low_<0.70|low_<0.90|low_<0.00025,0.026863714684601046,0.012256654226054276,0.01460706045854677
78,850078,success,True,False,False,17,130.19738599940396,0.004071612607856704,0.00806054237210363,0.004071612607856704,0.007296208053908626,aligned_<0.005,aligned_<0.005,0.0018828976625467047,0.006037039459171971,0.004758059047162533,3.236765041947365e-05,0.004346570931375027,0.8304352609398655,6.512897299378978e-05,2,0.5795977960314227,low_<0.90,low_<0.00025,delay_2,low_<0.70,delay_2|low_<0.70|low_<0.90|low_<0.00025,0.026136696815272628,0.012180985171399492,0.013955711643873136
79,850079,success,True,False,False,33,161.34589403634612,0.004428123564358157,0.00758426830113712,0.0019074332899286976,0.0039483455752824526,aligned_<0.005,aligned_<0.005,0.0029058185349585433,0.0051808282497903995,0.00358425360172987,0.0016825045458972454,0.004457863979041576,0.9558952746455465,0.0001260424456083869,2,0.5673976449259502,mid_0.90_1.10,low_<0.00025,delay_2,low_<0.70,delay_2|low_<0.70|mid_0.90_1.10|low_<0.00025,0.02563556958289541,0.011644807806518973,0.013990761776376436
80,850080,collision,False,True,False,7,-293.8872972187893,0.02504213088493315,0.04700059207230245,0.018804732318791782,0.04700059207230245,off_0.015_0.030,off_0.015_0.030,0.0035924294165202548,0.006750888064513859,0.004999348893761635,0.0035159243270754814,0.004971025511622429,1.0303343008206072,0.00019310951185455368,2,0.6421367311654077,mid_0.90_1.10,low_<0.00025,delay_2,low_<0.70,delay_2|low_<0.70|mid_0.90_1.10|low_<0.00025,0.026882373041822293,0.012291088029603206,0.014591285012219088
81,850081,success,True,False,False,24,144.72644470199367,0.0047332718070914725,0.007923176065096738,0.0047332718070914725,0.005103778271280723,aligned_<0.005,aligned_<0.005,0.002781287854304537,0.006320416942737107,0.004312307573854923,0.004100758582353592,0.004287770949304104,0.83324732976206,0.00021944706004284299,2,0.5902296416715437,low_<0.90,low_<0.00025,delay_2,low_<0.70,delay_2|low_<0.70|low_<0.90|low_<0.00025,0.028783396335765092,0.011960609183510043,0.016822787152255048
82,850082,collision,False,True,False,6,-294.1417835954702,0.039298851206137436,0.047572039907769925,0.039298851206137436,0.047572039907769925,far_>=0.030,far_>=0.030,0.002264538158973058,0.005668255718819568,-0.00499844690784812,-0.004613292403519154,0.004002400673925877,0.9569026036560149,0.00012926048617741928,2,0.6283987988910718,mid_0.90_1.10,low_<0.00025,delay_2,low_<0.70,delay_2|low_<0.70|mid_0.90_1.10|low_<0.00025,0.02553454581663384,0.011621353266092215,0.013913192550541624
83,850083,collision,False,True,False,7,-289.2993965135629,0.030253955753803963,0.050246031419775794,0.030253955753803963,0.050246031419775794,far_>=0.030,far_>=0.030,0.004133039287158421,0.006658696762881122,-0.004999940749257803,-0.003837910946458578,0.004697604104876518,0.8660335907973342,0.00010932333386028123,2,0.6779092700416878,low_<0.90,low_<0.00025,delay_2,low_<0.70,delay_2|low_<0.70|low_<0.90|low_<0.00025,0.025210270975068727,0.01234910399208832,0.012861166982980407
84,850084,collision,False,True,False,7,-296.11341365215077,0.04567527401060304,0.049052349292730835,0.04304229284196175,0.049052349292730835,far_>=0.030,far_>=0.030,0.004164457587259156,0.006565087260353956,0.004956485703587532,-0.004453538917005062,0.004966060630977154,0.8124711078978402,8.092957996175265e-05,2,0.6868058429611728,low_<0.90,low_<0.00025,delay_2,low_<0.70,delay_2|low_<0.70|low_<0.90|low_<0.00025,0.02769070182745712,0.011746043531572084,0.015944658295885032
85,850085,success,True,False,False,43,180.29200103407544,0.0017382043374036176,0.007962078309998621,0.0017382043374036176,0.007105385797672836,aligned_<0.005,aligned_<0.005,0.0038632976194453795,0.006127003714130344,0.004594104364514351,0.003349567763507366,0.004220766946673393,0.9386699887926643,0.000177625710804747,2,0.5543092491690293,mid_0.90_1.10,low_<0.00025,delay_2,low_<0.70,delay_2|low_<0.70|mid_0.90_1.10|low_<0.00025,0.027786792944374302,0.011992986771420959,0.015793806172953343
86,850086,collision,False,True,False,6,-293.4763943714124,0.03519271189907063,0.04848387753177186,0.03519271189907063,0.04848387753177186,far_>=0.030,far_>=0.030,0.0010414724238216877,0.007008868389507698,-0.004854357801377773,0.004971597343683243,-0.00044683925807476044,1.023471589277589,0.00019595656684918755,2,0.6693949521306373,mid_0.90_1.10,low_<0.00025,delay_2,low_<0.70,delay_2|low_<0.70|mid_0.90_1.10|low_<0.00025,0.028083689518333548,0.0120963186774991,0.015987370840834448
87,850087,collision,False,True,False,6,-293.50268902224997,0.05799847719137343,0.050299260454685246,0.05799847719137343,0.050299260454685246,far_>=0.030,far_>=0.030,0.00361870260288318,0.005834600851442283,-0.004999960772693157,-0.004980713594704866,0.004770014435052872,1.071189914617746,0.00024202957115332838,2,0.5782139077183737,mid_0.90_1.10,low_<0.00025,delay_2,low_<0.70,delay_2|low_<0.70|mid_0.90_1.10|low_<0.00025,0.027937863091559503,0.012485863921803248,0.015451999169756255
88,850088,collision,False,True,False,6,-297.08581047220036,0.033091883216270795,0.048541450926470886,0.03281392757282129,0.048541450926470886,far_>=0.030,far_>=0.030,0.0018106362937639158,0.006051034185261625,0.004416514188051224,0.004513941705226898,0.004121396690607071,0.9910968205161625,2.1581405436804035e-05,2,0.6019273522130009,mid_0.90_1.10,low_<0.00025,delay_2,low_<0.70,delay_2|low_<0.70|mid_0.90_1.10|low_<0.00025,0.02650891645976283,0.01232983061805302,0.014179085841709809
89,850089,collision,False,True,False,7,-294.1995555166707,0.05194403854722764,0.04938929924481095,0.05194403854722764,0.04938929924481095,far_>=0.030,far_>=0.030,0.004241691104003361,0.005015375270802526,-0.004995435010641813,-0.0001420397311449051,0.004791128449141979,0.8975233656260284,0.00015321252545370188,2,0.5539096004933909,low_<0.90,low_<0.00025,delay_2,low_<0.70,delay_2|low_<0.70|low_<0.90|low_<0.00025,0.02589528514797091,0.012457393298780118,0.013437891849190793
90,850090,success,True,False,False,16,131.9898206504107,0.0016387674288248204,0.008394998803203713,0.0016387674288248204,0.008394998803203713,aligned_<0.005,aligned_<0.005,0.0024390608305111527,0.006031316889643184,0.003925701603293419,-0.001980228116735816,0.002337645273655653,0.8921843707434534,2.391373486980003e-05,2,0.6530921397333727,low_<0.90,low_<0.00025,delay_2,low_<0.70,delay_2|low_<0.70|low_<0.90|low_<0.00025,0.025100017912286273,0.011648622123887552,0.013451395788398721
91,850091,success,True,False,False,16,131.15413516543046,0.0031718771808848497,0.008296362883548625,0.0031718771808848497,0.008296362883548625,aligned_<0.005,aligned_<0.005,0.002562238631071523,0.006400414045873775,0.004796283319592476,0.00038682855665683746,0.00412280298769474,0.894673723619696,0.00011242254566065018,2,0.6137493393501575,low_<0.90,low_<0.00025,delay_2,low_<0.70,delay_2|low_<0.70|low_<0.90|low_<0.00025,0.0282924048962654,0.012219467164522064,0.016072937731743335
92,850092,collision,False,True,False,7,-292.2768829599959,0.03196616216823973,0.04924248434062828,0.0302072039440304,0.04924248434062828,far_>=0.030,far_>=0.030,0.004269852036876338,0.006686259265120455,0.004999649710953236,0.004962264560163021,0.004995421506464481,0.9851808336862661,0.0002340410748940903,2,0.6451940360087146,mid_0.90_1.10,low_<0.00025,delay_2,low_<0.70,delay_2|low_<0.70|mid_0.90_1.10|low_<0.00025,0.025379200606763335,0.01223348989512113,0.013145710711642205
93,850093,collision,False,True,False,6,-296.00336140087535,0.0324938617826489,0.04942274656374457,0.02922560585909472,0.04942274656374457,far_>=0.030,off_0.015_0.030,0.0033819812815636396,0.006375312885879332,0.004995190538465977,-0.004995891358703375,0.004978691227734089,0.9697463009713331,7.482215188787303e-05,2,0.6972530508535777,mid_0.90_1.10,low_<0.00025,delay_2,low_<0.70,delay_2|low_<0.70|mid_0.90_1.10|low_<0.00025,0.026138846899358394,0.012430589882772212,0.013708257016586182
94,850094,collision,False,True,False,6,-293.8698835446759,0.025790922722453584,0.047488677105353094,0.025790922722453584,0.047488677105353094,off_0.015_0.030,off_0.015_0.030,0.0012337046985824902,0.006319400008062297,-0.004999174270778894,-0.0004937155172228813,0.0019001876935362816,0.9859543975562364,0.00015868988048838955,2,0.60590172057296,mid_0.90_1.10,low_<0.00025,delay_2,low_<0.70,delay_2|low_<0.70|mid_0.90_1.10|low_<0.00025,0.027926421887828675,0.011577979444702588,0.01634844244312609
95,850095,collision,False,True,False,7,-290.88061969070634,0.04201334512012805,0.04909901377565229,0.04201334512012805,0.04909901377565229,far_>=0.030,far_>=0.030,0.002823841092841966,0.005974093827718518,-0.004998340737074614,-0.0045838612131774426,0.002246532589197159,1.0862896527056347,9.778843823751954e-05,2,0.6466819519330418,mid_0.90_1.10,low_<0.00025,delay_2,low_<0.70,delay_2|low_<0.70|mid_0.90_1.10|low_<0.00025,0.026206238137916636,0.012062579355254172,0.014143658782662464
96,850096,success,True,False,False,41,155.3087056247178,0.0024458791661255163,0.007736634193631131,0.0013572786412117505,0.006885190309728451,aligned_<0.005,aligned_<0.005,0.0024623211995675794,0.005600604249847398,0.004729630425572395,0.003956270404160023,0.004584361799061298,1.0650107387958208,0.00011953031233018719,2,0.6700427430655269,mid_0.90_1.10,low_<0.00025,delay_2,low_<0.70,delay_2|low_<0.70|mid_0.90_1.10|low_<0.00025,0.025379240801564607,0.011699940220655096,0.013679300580909512
97,850097,collision,False,True,False,7,-291.3593084075445,0.04670812016357545,0.049424345020963045,0.04670812016357545,0.049424345020963045,far_>=0.030,far_>=0.030,0.004186832878206458,0.005650786445492699,-0.004999411758035421,-0.00424960907548666,0.004818344488739967,1.0597530295423432,0.00015272049147878152,2,0.5508936144164961,mid_0.90_1.10,low_<0.00025,delay_2,low_<0.70,delay_2|low_<0.70|mid_0.90_1.10|low_<0.00025,0.025835760644135165,0.012226965015054627,0.013608795629080538
98,850098,success,True,False,False,19,133.5176056089799,0.001497924898539338,0.008689882968288876,0.001497924898539338,0.006173750587304072,aligned_<0.005,aligned_<0.005,0.0017828123987113174,0.006006354556646217,-0.004654636140912771,-0.0009899563156068325,0.004017369821667671,0.9871040962940121,0.00022455650249324747,2,0.6902811563294742,mid_0.90_1.10,low_<0.00025,delay_2,low_<0.70,delay_2|low_<0.70|mid_0.90_1.10|low_<0.00025,0.026011470434704562,0.012237242726362296,0.013774227708342267
99,850099,success,True,False,False,20,144.89264024418648,0.0022288610528910335,0.009400174044444043,0.0022288610528910335,0.009400174044444043,aligned_<0.005,aligned_<0.005,0.003952093562111259,0.006131422814736274,0.0008577895350754261,0.003879789263010025,0.0028604334220290184,0.8200785882737761,8.84043354470762e-05,2,0.5898652193997315,low_<0.90,low_<0.00025,delay_2,low_<0.70,delay_2|low_<0.70|low_<0.90|low_<0.00025,0.028725783157158253,0.011522536731520858,0.017203246425637395
