run,seed,episode,outcome,failure_mode,steps,final_dist_xy,final_dist_z,min_dist_xy,min_dist_z,success_shape_yaw_error_deg,final_shape_yaw_error_deg,final_peg_tilt_angle_deg,low_z_misaligned_steps,insert_band_misaligned_steps,visual_yaw_align_steps,visual_yaw_align_blocked_steps,final_servo_descent_steps,final_servo_recovery_triggers,fixture_clearance_steps,last_pre_dist_xy,last_pre_z_above_target,last_true_signed_yaw_deg,last_pred_signed_yaw_deg,last_pose_ik_target_square_yaw_error_deg,last_final_servo_phase,last_visual_yaw_reason,top_visual_yaw_reasons,temporal_gate_steps,low_visibility_brake_steps,target_hold_steps,aligned_descent_steps,blocked_down_rows,visible_prediction_rows,high_pred_rows,sign_mismatch_rows,high_error_rows,correct_high_yaw_visible_rows,correct_high_yaw_xy_gate_rows,correct_high_yaw_raw_norm_gate_rows,correct_high_yaw_inactive_rows,max_pred_abs_yaw_deg,max_truth_abs_yaw_deg,max_pred_truth_abs_error_deg,final_window_pred_abs_mean_deg,final_window_truth_abs_mean_deg,final_window_pred_truth_abs_error_mean_deg
baseline,906500,0,success,success,322,0.001865,0.009909,0.001758,0.009909,9.577,9.577,0.055,3,0,164,107,31,1,0,0.002178,0.011224,9.577,-3.400,nan,square_fast_settle,aligned_descent_latch,applied:123;inactive_phase:118;aligned_descent_latch:31,0,0,38,44,107,182,8,0,0,5,0,0,0,162.177,177.778,23.740,1.760,4.842,6.469
baseline,906501,1,success,success,242,0.002407,0.009948,0.000522,0.009948,0.283,0.283,0.041,0,0,134,46,62,0,0,0.002513,0.011306,-0.283,-1.893,nan,square_fast_settle,aligned_descent_latch,inactive_phase:108;applied:83;aligned_descent:40,0,0,0,51,46,134,9,0,0,6,0,0,0,168.296,179.038,27.354,1.837,0.960,1.112
baseline,906502,2,success,success,264,0.002149,0.009307,0.000248,0.009307,1.892,1.892,0.047,0,0,113,46,56,0,0,0.002509,0.010964,1.892,-3.824,nan,square_fast_settle,aligned_descent_latch,inactive_phase:146;applied:64;aligned_descent_latch:31,0,0,5,49,46,118,10,0,2,7,0,0,0,167.725,171.140,32.594,1.913,3.110,2.878
baseline,906503,3,success,success,285,0.002988,0.009888,0.000329,0.009888,6.651,6.651,0.059,0,0,169,59,54,0,0,0.003089,0.011421,6.651,-2.285,nan,square_fast_settle,aligned_descent_latch,applied:120;inactive_phase:115;aligned_descent_latch:28,0,0,0,49,59,169,9,0,1,5,0,0,0,168.536,179.983,32.371,1.636,5.062,6.697
baseline,906504,4,success,success,666,0.000977,0.009567,0.000081,0.009567,5.754,5.754,0.028,0,0,119,61,67,0,0,0.001066,0.011043,5.754,-2.157,nan,square_fast_settle,aligned_descent_latch,inactive_phase:538;applied:75;aligned_descent_latch:24,0,0,9,44,61,128,8,0,0,5,0,0,0,173.062,179.997,28.345,1.958,3.807,5.766
baseline,906505,5,success,success,253,0.001879,0.009101,0.000184,0.009101,2.138,2.138,0.039,0,0,128,30,59,0,0,0.002011,0.010613,2.138,-2.432,nan,square_fast_settle,aligned_descent_latch,inactive_phase:124;applied:75;aligned_descent_latch:38,0,0,1,53,30,129,11,0,0,7,0,0,0,169.652,172.705,14.275,1.856,0.879,2.170
baseline,906506,6,success,success,272,0.001982,0.008911,0.000564,0.008911,3.070,3.070,0.042,0,0,147,37,60,0,0,0.002125,0.010444,3.070,-2.505,nan,square_fast_settle,aligned_descent_latch,inactive_phase:124;applied:99;aligned_descent_latch:36,0,0,1,48,37,148,9,0,0,6,0,0,0,167.409,176.453,24.945,1.845,1.079,2.924
baseline,906507,7,success,success,294,0.002543,0.009237,0.000117,0.009237,4.270,4.270,0.037,0,0,119,59,64,0,0,0.002746,0.010692,4.270,-2.410,nan,square_fast_settle,aligned_descent_latch,inactive_phase:161;applied:71;aligned_descent_latch:32,0,0,14,48,59,133,10,0,0,7,0,0,0,165.636,172.409,24.730,1.822,3.724,5.546
baseline,906508,8,success,success,422,0.002149,0.008510,0.000357,0.008510,5.789,5.789,0.067,0,0,142,43,53,0,0,0.001981,0.010023,5.789,-0.814,nan,square_fast_settle,aligned_descent_latch,inactive_phase:280;applied:92;aligned_descent_latch:36,0,0,0,50,43,142,9,0,0,5,0,0,0,174.368,179.979,25.866,1.831,4.139,5.970
baseline,906509,9,success,success,278,0.001459,0.009982,0.000088,0.009982,2.952,2.952,0.039,0,0,116,42,58,0,0,0.001543,0.011654,2.952,-1.951,nan,square_fast_settle,aligned_descent_latch,inactive_phase:156;applied:75;aligned_descent_latch:30,0,0,6,41,42,122,11,0,0,8,0,0,0,170.178,169.804,28.059,1.830,1.198,2.999
baseline,906510,10,success,success,514,0.002071,0.004277,0.000241,0.000777,9.998,9.998,0.028,0,0,213,262,331,1,0,0.001817,0.004611,9.998,-0.738,nan,square_fast_settle,target_hold_z_gate,target_hold_z_gate:167;applied:159;inactive_phase:105,0,0,195,55,262,241,9,0,0,6,0,0,0,169.556,173.773,27.494,1.512,11.181,12.667
baseline,906511,11,success,success,366,0.001969,0.009797,0.000227,0.009797,3.068,3.068,0.098,0,0,120,42,59,0,0,0.001979,0.011135,-3.068,-1.718,nan,square_fast_settle,aligned_descent_latch,inactive_phase:246;applied:64;aligned_descent:28,0,0,0,56,42,120,8,0,0,4,0,0,0,172.891,175.860,26.643,1.675,1.963,0.801
baseline,906512,12,success,success,270,0.002008,0.009046,0.000013,0.009046,4.951,4.951,0.039,0,0,135,65,68,0,0,0.002057,0.010424,4.951,-2.955,nan,square_fast_settle,aligned_descent_latch,inactive_phase:122;applied:93;aligned_descent_latch:37,0,0,12,42,65,147,9,0,0,5,0,0,0,170.709,174.016,26.113,1.962,2.176,4.138
baseline,906513,13,success,success,350,0.002033,0.008832,0.000132,0.008832,4.448,4.448,0.033,0,0,134,55,61,0,0,0.002208,0.010288,4.448,-2.598,nan,square_fast_settle,aligned_descent_latch,inactive_phase:216;applied:79;aligned_descent:38,0,0,0,55,55,134,9,0,0,6,0,0,0,173.135,179.984,27.030,1.818,3.696,5.515
baseline,906514,14,success,success,398,0.001721,0.009317,0.000377,0.009317,6.822,6.822,0.889,0,0,136,87,90,1,0,0.001627,0.010670,6.822,2.099,nan,square_fast_settle,aligned_descent_latch,inactive_phase:109;applied:88;raw_norm_gate:77,0,2,0,48,87,136,99,71,37,14,0,0,0,172.588,179.667,119.494,2.181,3.533,1.438
baseline,906515,15,success,success,347,0.002392,0.009385,0.000310,0.009385,7.843,7.843,0.065,0,0,110,44,69,0,0,0.002128,0.010131,7.843,-2.508,nan,square_fast_settle,applied,inactive_phase:220;applied:54;aligned_descent_latch:50,0,0,17,60,44,127,8,0,0,5,0,0,0,178.541,174.241,28.243,1.805,5.074,6.872
baseline,906516,16,success,success,220,0.002104,0.009498,0.000338,0.009498,2.374,2.374,0.065,0,0,136,51,61,0,0,0.001945,0.011126,2.374,-2.400,nan,square_fast_settle,aligned_descent_latch,applied:97;inactive_phase:84;aligned_descent:25,0,0,0,39,51,136,9,0,0,6,0,0,0,165.647,171.743,25.712,1.864,1.287,2.468
baseline,906517,17,timeout,timeout_wrong_yaw_basin,1000,0.159268,0.043922,0.015109,0.033162,172.836,172.836,0.538,62,0,58,67,0,2,0,0.160568,0.043741,-172.836,173.347,nan,recover_recenter,xy_gate,xy_gate:597;inactive_phase:283;applied:58,0,9,0,0,67,58,115,53,43,29,0,0,0,179.869,179.816,128.173,148.234,159.942,25.756
baseline,906518,18,success,success,252,0.001365,0.009558,0.000335,0.009558,0.540,0.540,0.060,0,0,125,43,62,0,0,0.001337,0.010942,0.540,-2.144,nan,square_fast_settle,aligned_descent_latch,inactive_phase:126;applied:72;aligned_descent_latch:30,0,0,1,54,43,126,8,0,0,5,0,0,0,178.867,173.748,24.479,1.792,0.843,2.635
baseline,906519,19,success,success,268,0.001795,0.009051,0.000398,0.009051,1.713,1.713,0.042,0,0,126,50,68,0,0,0.001973,0.010386,1.713,-2.779,nan,square_fast_settle,aligned_descent_latch,inactive_phase:131;applied:70;aligned_descent_latch:34,0,0,11,56,50,137,9,0,0,6,0,0,0,176.400,175.648,26.100,1.902,0.776,2.287
baseline,908500,0,success,success,236,0.001483,0.009998,0.000267,0.009998,0.868,0.868,0.042,0,0,136,51,56,0,0,0.001533,0.011425,0.868,-2.071,nan,square_fast_settle,aligned_descent_latch,inactive_phase:100;applied:83;aligned_descent:47,0,0,0,53,51,136,9,0,1,5,0,0,0,170.751,177.789,30.281,1.735,1.874,3.610
baseline,908501,1,success,success,345,0.002146,0.009197,0.000225,0.009197,5.401,5.401,0.035,0,0,177,104,74,0,0,0.002011,0.010736,5.401,-2.529,nan,square_fast_settle,aligned_descent_latch,inactive_phase:137;applied:136;aligned_descent_latch:38,0,1,29,41,104,206,10,0,1,4,0,0,0,176.696,179.956,32.010,2.166,1.710,2.850
baseline,908502,2,success,success,306,0.001855,0.009849,0.000698,0.009849,2.003,2.003,0.039,0,0,121,38,57,0,0,0.001856,0.011249,2.003,-1.670,nan,square_fast_settle,aligned_descent,inactive_phase:185;applied:73;aligned_descent:24,0,0,0,48,38,121,11,0,0,8,0,0,0,175.081,179.961,21.795,1.867,1.274,3.135
baseline,908503,3,timeout,timeout_wrong_yaw_basin,1000,0.136038,0.110338,0.023087,0.039182,175.650,175.650,6.621,2,0,54,83,0,1,0,0.137192,0.110426,-175.650,-160.142,nan,align_hover,raw_norm_gate,inactive_phase:453;raw_norm_gate:238;xy_gate:226,0,29,0,0,83,54,295,24,7,27,0,0,0,179.881,179.839,42.833,148.418,141.890,10.269
baseline,908504,4,success,success,358,0.001128,0.009010,0.000165,0.009010,0.691,0.691,0.070,0,0,118,53,67,0,0,0.000925,0.010286,0.691,-0.692,nan,square_fast_settle,aligned_descent_latch,inactive_phase:223;applied:60;aligned_descent_latch:49,0,0,17,59,53,135,8,0,0,5,0,0,0,176.000,175.553,25.732,1.517,0.670,2.008
baseline,908505,5,success,success,303,0.001464,0.008859,0.000166,0.008859,8.129,8.129,0.031,0,0,122,50,59,0,0,0.001429,0.010282,8.129,-0.168,nan,square_fast_settle,aligned_descent,inactive_phase:171;applied:71;aligned_descent_latch:28,0,0,9,55,50,131,10,0,1,6,0,0,0,172.108,174.552,46.873,1.526,10.132,11.655
baseline,908506,6,success,success,394,0.001578,0.008821,0.000316,0.008821,2.556,2.556,0.052,0,0,123,40,61,0,0,0.001727,0.010503,2.556,-2.445,nan,square_fast_settle,aligned_descent_latch,inactive_phase:271;applied:75;aligned_descent_latch:26,0,0,0,48,40,123,9,0,0,5,0,0,0,164.956,174.797,26.434,1.746,1.291,3.038
baseline,908507,7,success,success,297,0.001885,0.009467,0.001677,0.009467,0.296,0.296,0.045,0,0,191,59,35,1,0,0.002113,0.010906,0.296,-1.799,nan,square_fast_settle,aligned_descent_latch,applied:136;inactive_phase:105;aligned_descent:44,0,0,0,55,59,191,9,0,1,5,0,0,0,164.251,177.254,33.654,1.562,1.723,3.270
baseline,908508,8,timeout,timeout_yaw_not_aligned,1000,0.017459,0.031221,0.000379,0.017864,19.430,19.430,0.891,234,8,511,425,99,6,0,0.017355,0.031123,19.430,-5.070,nan,recover_lift,applied,applied:467;inactive_phase:161;xy_gate:107,0,5,111,52,425,588,122,21,14,19,0,0,0,179.412,178.473,52.298,4.564,18.137,16.890
baseline,908509,9,success,success,294,0.000466,0.009486,0.000347,0.009486,4.838,4.838,0.036,0,0,113,51,61,0,0,0.000536,0.011130,4.838,-2.396,nan,square_fast_settle,aligned_descent_latch,inactive_phase:168;applied:69;aligned_descent_latch:37,0,0,13,44,51,126,9,0,0,6,0,0,0,174.854,174.285,17.861,1.960,1.414,3.037
baseline,908510,10,timeout,timeout_wrong_yaw_basin,1000,0.221396,0.103488,0.009759,0.052647,176.925,176.925,3.537,0,0,61,77,0,2,0,0.222585,0.103747,-176.925,-14.455,nan,recover_recenter,xy_gate,xy_gate:553;inactive_phase:221;raw_norm_gate:149,0,16,0,0,77,61,192,152,95,19,0,0,0,179.994,179.960,55.631,124.921,135.703,18.983
baseline,908511,11,success,success,371,0.000721,0.009584,0.000114,0.009584,2.617,2.617,0.051,0,0,130,42,65,0,0,0.000801,0.010941,2.617,-2.372,nan,square_fast_settle,aligned_descent_latch,inactive_phase:235;applied:74;aligned_descent_latch:41,0,0,6,56,42,136,8,0,0,5,0,0,0,178.611,179.982,19.511,1.892,1.572,3.463
baseline,908512,12,success,success,424,0.002380,0.009204,0.001570,0.009204,9.872,9.872,0.911,0,0,160,57,63,0,0,0.002239,0.010357,9.872,1.739,nan,square_fast_settle,aligned_descent_latch,inactive_phase:262;applied:103;aligned_descent_latch:52,0,0,1,57,57,161,10,1,0,6,0,0,0,175.106,178.725,25.141,2.626,11.203,8.578
baseline,908513,13,success,success,517,0.001184,0.008779,0.000202,0.008779,8.558,8.558,0.883,0,0,216,166,121,1,0,0.001105,0.010463,8.558,1.764,nan,square_fast_settle,aligned_descent,applied:176;raw_norm_gate:166;inactive_phase:118,0,12,5,40,166,221,200,167,87,16,0,0,0,179.861,179.576,61.316,2.091,5.461,3.370
baseline,908514,14,success,success,286,0.002081,0.009690,0.000147,0.009690,5.371,5.371,0.052,0,0,131,29,67,0,0,0.002151,0.011033,5.371,-2.511,nan,square_fast_settle,aligned_descent_latch,inactive_phase:155;applied:67;aligned_descent:41,0,0,0,64,29,131,8,0,0,5,0,0,0,171.400,173.106,23.593,1.817,3.693,5.510
baseline,908515,15,success,success,306,0.001894,0.008452,0.000354,0.008452,2.407,2.407,0.046,0,0,153,59,56,0,0,0.002320,0.010179,2.407,-2.572,nan,square_fast_settle,aligned_descent_latch,inactive_phase:151;applied:108;aligned_descent_latch:27,0,0,0,45,59,153,12,0,1,7,0,0,0,164.927,178.984,34.620,1.962,1.075,2.096
baseline,908516,16,timeout,timeout_wrong_yaw_basin,1000,0.027535,0.059287,0.027119,0.001767,175.285,175.285,11.089,466,329,36,219,0,1,182,0.027502,0.059312,-175.285,-179.845,nan,inactive,low_visibility_brake,inactive_phase:378;xy_gate:266;low_visibility_brake:182,0,182,1,0,219,37,205,62,4,18,0,0,0,179.978,179.914,77.885,178.432,175.250,4.910
baseline,908517,17,success,success,301,0.001259,0.008872,0.000378,0.008872,2.263,2.263,0.060,0,0,116,67,65,0,0,0.001029,0.010304,2.263,-3.405,nan,square_fast_settle,aligned_descent_latch,inactive_phase:153;applied:62;aligned_descent:33,0,0,29,55,67,141,9,0,3,6,0,0,0,170.017,176.410,32.316,1.415,0.939,1.440
baseline,908518,18,success,success,968,0.001495,0.004565,0.000074,0.000053,9.863,9.863,0.024,56,20,529,400,217,2,0,0.001458,0.005648,9.863,-1.147,nan,square_fast_settle,target_hold_z_gate,applied:386;inactive_phase:169;xy_gate:144,0,45,71,153,400,572,73,3,4,15,0,0,0,178.742,178.903,35.726,1.741,12.586,14.327
baseline,908519,19,success,success,273,0.001388,0.009128,0.000128,0.009128,4.018,4.018,0.036,0,0,120,30,55,0,0,0.001430,0.010685,4.018,-1.879,nan,square_fast_settle,aligned_descent,inactive_phase:151;applied:69;aligned_descent_latch:31,0,0,2,51,30,122,11,0,0,8,0,0,0,171.026,176.233,27.041,1.737,2.030,3.767
wrong_basin_hold_wide,906500,0,success,success,323,0.001446,0.009472,0.001256,0.009472,9.628,9.628,0.059,1,0,181,95,34,1,0,0.001746,0.010704,9.628,-1.702,nan,square_fast_settle,applied,applied:143;inactive_phase:118;aligned_descent_latch:29,0,0,22,44,95,203,8,0,0,5,0,0,0,162.179,177.778,23.733,1.738,4.704,6.274
wrong_basin_hold_wide,906501,1,success,success,378,0.000847,0.009354,0.000785,0.009354,0.209,0.209,0.040,10,0,270,209,19,1,0,0.000785,0.010844,-0.209,-1.886,nan,square_fast_settle,aligned_descent_latch,wrong_basin_hold_applied:180;inactive_phase:108;applied:51,0,0,0,39,209,270,186,0,0,7,0,0,0,168.334,178.947,27.376,2.415,0.990,1.502
wrong_basin_hold_wide,906502,2,success,success,401,0.002351,0.009696,0.000219,0.009696,1.672,1.672,0.048,0,0,255,207,32,1,0,0.002747,0.011305,1.672,-3.574,nan,square_fast_settle,aligned_descent_latch,wrong_basin_hold_applied:180;inactive_phase:146;applied:30,0,0,0,45,207,255,187,0,0,8,0,0,0,167.703,171.141,20.548,12.458,10.836,1.920
wrong_basin_hold_wide,906503,3,success,success,368,0.001952,0.008764,0.000158,0.008764,6.836,6.836,0.061,0,0,253,208,32,1,0,0.002183,0.010391,6.836,-2.313,nan,square_fast_settle,aligned_descent_latch,wrong_basin_hold_applied:178;inactive_phase:113;applied:30,0,0,0,45,208,253,14,0,0,6,0,0,0,168.790,179.997,20.853,8.451,9.418,5.423
wrong_basin_hold_wide,906504,4,success,success,814,0.001519,0.008895,0.000262,0.008895,6.038,6.038,0.028,0,0,274,224,34,1,0,0.001462,0.010342,6.038,-2.314,nan,square_fast_settle,aligned_descent_latch,inactive_phase:538;wrong_basin_hold_applied:180;applied:46,0,0,2,50,224,276,185,0,0,7,0,0,0,173.067,179.997,24.624,2.266,4.200,5.733
wrong_basin_hold_wide,906505,5,success,success,253,0.001879,0.009103,0.000175,0.009103,2.132,2.132,0.039,0,0,128,30,59,0,0,0.002010,0.010614,2.132,-2.412,nan,square_fast_settle,aligned_descent_latch,inactive_phase:124;applied:75;aligned_descent_latch:38,0,0,1,53,30,129,11,0,0,7,0,0,0,169.695,172.707,14.283,1.856,0.892,2.170
wrong_basin_hold_wide,906506,6,success,success,398,0.000953,0.009580,0.000873,0.009580,2.916,2.916,0.039,7,0,272,216,22,1,0,0.000873,0.010873,2.916,-2.375,nan,square_fast_settle,aligned_descent_latch,wrong_basin_hold_applied:180;inactive_phase:124;applied:53,0,0,2,41,216,274,186,0,0,8,0,0,0,167.414,176.453,21.459,2.029,3.037,5.029
wrong_basin_hold_wide,906507,7,success,success,425,0.001867,0.008794,0.000187,0.008794,4.089,4.089,0.036,0,0,264,212,33,1,0,0.002253,0.010200,4.089,-1.028,nan,square_fast_settle,aligned_descent,wrong_basin_hold_applied:180;inactive_phase:161;applied:37,0,0,0,47,212,264,187,0,0,8,0,0,0,165.650,172.407,21.719,5.770,6.027,5.097
wrong_basin_hold_wide,906508,8,success,success,546,0.003141,0.008511,0.003141,0.008511,5.325,5.325,0.070,17,4,267,210,12,1,0,0.003703,0.010294,5.325,-1.925,nan,square_fast_settle,aligned_descent,inactive_phase:279;wrong_basin_hold_applied:180;applied:52,0,0,0,35,210,267,185,0,0,6,0,0,0,173.385,179.998,21.376,3.006,5.258,7.238
wrong_basin_hold_wide,906509,9,success,success,420,0.000344,0.008459,0.000103,0.008459,3.237,3.237,0.040,0,0,264,218,31,1,0,0.000363,0.010103,3.237,-2.655,nan,square_fast_settle,aligned_descent_latch,wrong_basin_hold_applied:180;inactive_phase:156;applied:40,0,0,0,44,218,264,188,0,0,9,0,0,0,170.184,169.803,28.033,6.268,5.907,3.435
wrong_basin_hold_wide,906510,10,success,success,368,0.001645,0.009291,0.000122,0.009291,9.945,9.945,0.030,0,0,255,214,33,1,0,0.001479,0.010925,9.945,-3.149,nan,square_fast_settle,aligned_descent_latch,wrong_basin_hold_applied:172;inactive_phase:105;aligned_descent_latch:44,0,0,0,47,214,255,186,0,0,7,0,0,0,169.548,173.773,24.516,6.180,7.386,7.267
wrong_basin_hold_wide,906511,11,success,success,366,0.001937,0.009821,0.000221,0.009821,3.035,3.035,0.098,0,0,108,41,59,0,0,0.001944,0.011162,-3.035,-1.787,nan,square_fast_settle,aligned_descent_latch,inactive_phase:246;applied:64;aligned_descent:39,0,0,12,56,41,120,8,0,0,4,0,0,0,172.874,175.949,26.607,1.436,1.696,0.810
wrong_basin_hold_wide,906512,12,success,success,384,0.001229,0.009277,0.000150,0.009277,4.455,4.455,0.037,0,0,261,209,35,1,0,0.001435,0.010753,4.455,-2.186,nan,square_fast_settle,aligned_descent_latch,wrong_basin_hold_applied:180;inactive_phase:122;aligned_descent_latch:40,0,0,1,48,209,262,185,0,0,6,0,0,0,170.706,174.016,26.105,6.319,5.616,3.870
wrong_basin_hold_wide,906513,13,success,success,413,0.002512,0.009705,0.000257,0.009705,4.224,4.224,0.033,0,0,272,214,26,1,0,0.002226,0.011092,4.224,-2.727,nan,square_fast_settle,aligned_descent_latch,wrong_basin_hold_applied:180;inactive_phase:139;applied:52,0,0,2,41,214,274,186,0,0,7,0,0,0,172.800,179.982,24.075,2.011,5.039,7.050
wrong_basin_hold_wide,906514,14,timeout,timeout_never_descended_low,1000,0.001919,0.071744,0.000012,0.060840,2.817,2.817,0.835,0,0,732,686,450,1,0,0.002226,0.072152,2.817,2.472,nan,near_miss_descend,applied,applied:551;wrong_basin_hold_applied:181;inactive_phase:109,0,2,6,0,686,737,278,71,46,188,0,0,0,172.559,179.675,119.325,2.404,2.737,0.382
wrong_basin_hold_wide,906515,15,success,success,498,0.002735,0.009277,0.000586,0.009277,7.812,7.812,0.053,0,0,267,212,32,1,0,0.002480,0.010412,7.812,-1.476,nan,square_fast_settle,aligned_descent_latch,inactive_phase:220;wrong_basin_hold_applied:180;applied:44,0,0,11,53,212,278,185,0,0,6,0,0,0,178.562,174.238,24.536,1.806,9.018,10.809
wrong_basin_hold_wide,906516,16,success,success,335,0.001387,0.008785,0.001191,0.008785,2.418,2.418,0.066,3,0,251,205,21,1,0,0.001247,0.010470,2.418,-1.995,nan,square_fast_settle,aligned_descent_latch,wrong_basin_hold_applied:180;inactive_phase:84;applied:35,0,0,0,36,205,251,186,0,0,7,0,0,0,165.658,171.742,18.155,14.947,14.065,3.678
wrong_basin_hold_wide,906517,17,timeout,timeout_wrong_yaw_basin,1000,0.142851,0.043962,0.015109,0.032900,175.131,175.131,0.119,63,0,59,69,0,2,0,0.138863,0.044232,-175.131,172.715,nan,recover_recenter,applied,xy_gate:596;inactive_phase:282;applied:59,0,10,0,0,69,59,117,52,43,30,0,0,0,179.901,179.980,64.870,150.004,159.891,23.712
wrong_basin_hold_wide,906518,18,success,success,361,0.001479,0.008785,0.000037,0.008785,0.234,0.234,0.060,0,0,127,40,62,0,0,0.001488,0.010239,0.234,-2.311,nan,square_fast_settle,aligned_descent_latch,inactive_phase:234;applied:71;aligned_descent_latch:37,0,0,0,56,40,127,8,0,0,5,0,0,0,178.360,179.979,23.226,1.805,0.811,2.614
wrong_basin_hold_wide,906519,19,success,success,407,0.002295,0.009903,0.000026,0.009903,1.525,1.525,0.042,0,0,276,216,34,1,0,0.002606,0.011314,1.525,-2.108,nan,square_fast_settle,aligned_descent_latch,wrong_basin_hold_applied:180;inactive_phase:131;applied:50,0,0,0,46,216,276,186,0,0,7,0,0,0,176.366,175.645,23.124,2.024,1.145,2.035
wrong_basin_hold_wide,908500,0,success,success,351,0.001228,0.008639,0.000708,0.008639,0.661,0.661,0.042,5,0,251,200,22,1,0,0.001134,0.010227,0.661,-2.011,nan,square_fast_settle,aligned_descent_latch,wrong_basin_hold_applied:181;inactive_phase:100;aligned_descent:35,0,0,0,39,200,251,186,0,1,5,0,0,0,170.752,177.789,30.247,12.531,11.179,3.836
wrong_basin_hold_wide,908501,1,success,success,327,0.002456,0.009408,0.001062,0.009408,5.490,5.490,0.037,0,0,158,82,58,0,0,0.002389,0.010768,5.490,-1.818,nan,square_fast_settle,applied,inactive_phase:136;applied:100;aligned_descent_latch:56,0,1,31,58,82,189,10,0,1,4,0,0,0,179.245,179.967,33.275,2.144,2.229,2.864
wrong_basin_hold_wide,908502,2,success,success,306,0.001828,0.009248,0.000364,0.009248,1.990,1.990,0.039,0,0,121,37,57,0,0,0.001826,0.010644,1.990,-1.705,nan,square_fast_settle,aligned_descent,inactive_phase:185;applied:73;aligned_descent_latch:25,0,0,0,48,37,121,11,0,0,8,0,0,0,175.083,179.961,21.792,1.868,1.296,3.160
wrong_basin_hold_wide,908503,3,timeout,timeout_wrong_yaw_basin,1000,0.118955,0.104726,0.023088,0.040180,175.669,175.669,5.855,0,0,57,94,0,2,0,0.120053,0.104834,-175.669,-156.529,nan,recover_lift,raw_norm_gate,inactive_phase:438;xy_gate:348;raw_norm_gate:120,0,37,0,0,94,57,187,41,8,32,0,0,0,179.997,179.859,43.866,144.045,141.857,13.642
wrong_basin_hold_wide,908504,4,success,success,358,0.001036,0.009016,0.000143,0.009016,0.705,0.705,0.070,0,0,118,53,67,0,0,0.000849,0.010292,0.705,-0.618,nan,square_fast_settle,aligned_descent_latch,inactive_phase:223;applied:60;aligned_descent_latch:48,0,0,17,59,53,135,8,0,0,5,0,0,0,176.000,175.553,25.732,1.511,0.698,2.036
wrong_basin_hold_wide,908505,5,success,success,439,0.001197,0.009746,0.000111,0.009746,8.208,8.208,0.029,0,0,206,218,34,1,0,0.001242,0.011317,8.208,-0.489,nan,square_fast_settle,aligned_descent,inactive_phase:171;wrong_basin_hold_applied:121;wrong_basin_hold_raw_norm_gate:59,0,0,3,47,218,209,186,0,0,7,0,0,0,172.027,174.552,28.842,3.097,7.752,10.166
wrong_basin_hold_wide,908506,6,success,success,530,0.001897,0.008625,0.000823,0.008625,2.654,2.654,0.055,0,0,253,205,28,1,0,0.001879,0.010080,2.654,-1.954,nan,square_fast_settle,aligned_descent,inactive_phase:271;wrong_basin_hold_applied:180;applied:35,0,0,6,43,205,259,186,0,0,6,0,0,0,164.959,174.801,24.711,8.416,8.353,5.567
wrong_basin_hold_wide,908507,7,success,success,352,0.001195,0.009173,0.001107,0.009173,0.429,0.429,0.045,6,0,245,200,22,1,0,0.001107,0.010666,0.429,-1.854,nan,square_fast_settle,aligned_descent,wrong_basin_hold_applied:178;inactive_phase:105;aligned_descent:32,0,0,0,44,200,245,20,0,0,6,0,0,0,164.255,177.242,27.119,12.667,10.436,3.696
wrong_basin_hold_wide,908508,8,success,success,926,0.000719,0.000182,0.000094,0.000021,9.956,9.956,0.812,0,0,479,593,516,2,0,0.000436,0.000101,9.956,-1.899,nan,square_fast_settle,z_gate,target_hold_z_gate:284;applied:245;wrong_basin_hold_applied:180,0,0,284,54,593,479,185,0,0,7,0,0,0,174.217,174.698,29.235,1.843,14.342,16.185
wrong_basin_hold_wide,908509,9,success,success,235,0.000855,0.009824,0.000425,0.009824,4.349,4.349,0.036,0,0,117,41,57,0,0,0.001068,0.011479,4.349,-1.366,nan,square_fast_settle,aligned_descent_latch,inactive_phase:112;applied:71;aligned_descent_latch:44,0,0,6,48,41,123,10,0,0,7,0,0,0,177.360,179.451,19.137,1.937,1.560,2.975
wrong_basin_hold_wide,908510,10,timeout,timeout_yaw_not_aligned,1000,0.046790,0.075022,0.009703,0.056061,49.134,49.134,0.769,0,0,323,441,0,2,0,0.048084,0.074912,49.134,63.102,nan,recover_recenter,wrong_basin_hold_applied,wrong_basin_hold_applied:294;xy_gate:270;inactive_phase:208,0,23,0,0,441,323,343,98,0,32,0,0,0,178.028,179.946,29.852,86.553,78.268,9.337
wrong_basin_hold_wide,908511,11,success,success,371,0.000773,0.009900,0.000054,0.009900,2.630,2.630,0.051,0,0,129,45,65,0,0,0.000854,0.011256,2.630,-2.495,nan,square_fast_settle,aligned_descent_latch,inactive_phase:235;applied:73;aligned_descent_latch:39,0,0,7,56,45,136,8,0,0,5,0,0,0,178.630,179.967,19.530,1.894,1.546,3.440
wrong_basin_hold_wide,908512,12,timeout,timeout_yaw_not_aligned,1000,0.017410,0.074634,0.015471,0.004994,78.571,78.571,0.579,182,82,339,423,0,2,86,0.017359,0.074480,78.571,74.850,nan,recover_recenter,wrong_basin_hold_applied,inactive_phase:337;wrong_basin_hold_applied:311;xy_gate:233,0,84,0,0,423,339,422,91,1,34,0,0,0,179.872,179.922,41.869,75.630,78.597,3.166
wrong_basin_hold_wide,908513,13,success,success,589,0.002156,0.008590,0.000143,0.008590,8.319,8.319,0.881,0,0,384,292,288,4,0,0.002244,0.010305,8.319,1.606,nan,square_fast_settle,aligned_descent_latch,applied:354;raw_norm_gate:137;inactive_phase:63,0,3,2,30,292,386,160,135,57,15,0,0,0,179.941,179.950,65.946,2.132,5.758,3.626
wrong_basin_hold_wide,908514,14,success,success,444,0.003220,0.009083,0.000903,0.009083,5.326,5.326,0.055,0,0,288,229,33,1,0,0.003197,0.010211,5.326,-2.301,nan,square_fast_settle,aligned_descent_latch,wrong_basin_hold_applied:180;inactive_phase:155;applied:53,0,0,1,56,229,289,185,0,0,6,0,0,0,171.400,173.106,19.811,1.845,5.497,7.341
wrong_basin_hold_wide,908515,15,success,success,408,0.003342,0.008752,0.000445,0.008752,2.636,2.636,0.047,0,0,256,206,26,1,0,0.003127,0.010540,2.636,-1.982,nan,square_fast_settle,aligned_descent_latch,wrong_basin_hold_applied:180;inactive_phase:152;applied:39,0,0,0,37,206,256,188,0,0,9,0,0,0,167.951,178.969,27.345,12.870,10.732,2.708
wrong_basin_hold_wide,908516,16,timeout,timeout_wrong_yaw_basin,1000,0.137407,0.096138,0.015568,0.050115,175.596,175.596,6.173,0,0,432,491,0,2,0,0.138251,0.096467,-175.596,-57.496,nan,recover_recenter,raw_norm_gate,wrong_basin_hold_applied:419;inactive_phase:302;xy_gate:200,0,8,0,0,491,432,495,6,9,27,0,0,0,179.726,179.949,177.107,84.453,84.642,12.277
wrong_basin_hold_wide,908517,17,success,success,291,0.000119,0.008847,0.000119,0.008847,2.488,2.488,0.057,0,0,124,45,58,0,0,0.000498,0.010292,2.488,-3.827,nan,square_fast_settle,applied,inactive_phase:153;applied:75;aligned_descent_latch:29,0,0,12,49,45,136,9,0,3,6,0,0,0,170.013,176.410,32.491,1.670,1.545,2.081
wrong_basin_hold_wide,908518,18,timeout,timeout_yaw_not_aligned,1000,0.016396,0.097558,0.000083,0.000356,78.472,78.472,0.519,27,9,428,398,55,2,0,0.016354,0.097626,78.472,84.206,nan,align_hover,wrong_basin_hold_applied,xy_gate:311;wrong_basin_hold_applied:287;inactive_phase:234,0,18,5,50,398,429,336,22,0,41,0,0,0,179.723,179.516,29.703,82.300,78.520,3.960
wrong_basin_hold_wide,908519,19,success,success,414,0.001997,0.009991,0.000319,0.009991,4.016,4.016,0.036,0,0,263,210,30,1,0,0.002073,0.011569,4.016,-1.900,nan,square_fast_settle,aligned_descent,wrong_basin_hold_applied:180;inactive_phase:151;applied:40,0,0,0,43,210,263,188,0,0,9,0,0,0,171.058,179.620,24.249,7.432,7.176,4.996
wrong_basin_hold_xy60,906500,0,success,success,322,0.002146,0.009200,0.001562,0.009200,9.698,9.698,0.044,3,0,153,118,29,1,0,0.002206,0.010066,9.698,-3.710,nan,square_fast_settle,applied,inactive_phase:118;applied:118;aligned_descent_latch:31,0,0,49,41,118,182,8,0,0,5,0,0,0,162.177,177.778,23.734,1.625,5.158,6.628
wrong_basin_hold_xy60,906501,1,success,success,243,0.002403,0.009355,0.000273,0.009355,0.327,0.327,0.042,0,0,135,46,63,0,0,0.002494,0.010727,-0.327,-1.838,nan,square_fast_settle,aligned_descent_latch,inactive_phase:108;applied:85;aligned_descent:45,0,0,0,50,46,135,9,0,0,6,0,0,0,168.290,179.063,27.357,1.839,0.939,1.115
wrong_basin_hold_xy60,906502,2,success,success,264,0.002165,0.009208,0.000289,0.009208,1.928,1.928,0.047,0,0,113,49,56,0,0,0.002516,0.010866,1.928,-3.847,nan,square_fast_settle,aligned_descent_latch,inactive_phase:146;applied:64;aligned_descent_latch:27,0,0,5,49,49,118,10,0,0,7,0,0,0,167.718,171.141,29.731,1.908,2.913,2.698
wrong_basin_hold_xy60,906503,3,success,success,281,0.002724,0.009345,0.000184,0.009345,6.743,6.743,0.060,0,0,164,61,53,0,0,0.002801,0.010918,6.743,-2.547,nan,square_fast_settle,aligned_descent_latch,inactive_phase:116;applied:113;aligned_descent_latch:30,0,0,0,50,61,164,9,0,1,5,0,0,0,168.859,179.970,31.904,1.647,5.081,6.728
wrong_basin_hold_xy60,906504,4,success,success,662,0.001327,0.008903,0.000256,0.008903,5.683,5.683,0.029,0,0,118,55,65,0,0,0.001355,0.010367,5.683,-2.263,nan,square_fast_settle,aligned_descent_latch,inactive_phase:538;applied:65;aligned_descent_latch:34,0,0,6,51,55,124,8,0,0,5,0,0,0,173.063,179.998,24.626,1.954,3.790,5.744
wrong_basin_hold_xy60,906505,5,success,success,253,0.001878,0.009099,0.000182,0.009099,2.108,2.108,0.039,0,0,129,30,59,0,0,0.002011,0.010612,2.108,-2.447,nan,square_fast_settle,aligned_descent_latch,inactive_phase:124;applied:76;aligned_descent_latch:37,0,0,0,53,30,129,11,0,0,7,0,0,0,169.651,172.705,14.260,1.859,0.881,2.172
wrong_basin_hold_xy60,906506,6,success,success,272,0.001979,0.008907,0.000581,0.008907,3.068,3.068,0.042,0,0,147,37,60,0,0,0.002123,0.010439,3.068,-2.502,nan,square_fast_settle,aligned_descent_latch,inactive_phase:124;applied:99;aligned_descent_latch:36,0,0,1,48,37,148,9,0,0,6,0,0,0,167.408,176.453,24.960,1.845,1.079,2.923
wrong_basin_hold_xy60,906507,7,success,success,294,0.002683,0.009504,0.000032,0.009504,4.265,4.265,0.037,0,0,117,60,64,0,0,0.002880,0.010963,4.265,-2.421,nan,square_fast_settle,aligned_descent_latch,inactive_phase:161;applied:69;aligned_descent_latch:33,0,0,16,48,60,133,10,0,0,7,0,0,0,165.650,172.409,24.660,1.809,3.717,5.527
wrong_basin_hold_xy60,906508,8,success,success,421,0.001971,0.009071,0.000021,0.009071,5.984,5.984,0.069,0,0,141,40,52,0,0,0.001958,0.010753,5.984,-2.142,nan,square_fast_settle,aligned_descent_latch,inactive_phase:280;applied:90;aligned_descent_latch:33,0,0,0,51,40,141,9,0,0,5,0,0,0,174.457,179.980,25.866,1.832,4.127,5.959
wrong_basin_hold_xy60,906509,9,success,success,278,0.001108,0.009238,0.000376,0.009238,2.959,2.959,0.039,0,0,116,42,58,0,0,0.001306,0.010897,2.959,-1.588,nan,square_fast_settle,aligned_descent_latch,inactive_phase:156;applied:74;aligned_descent_latch:27,0,0,6,42,42,122,11,0,0,8,0,0,0,170.172,169.804,27.987,1.825,1.246,3.048
wrong_basin_hold_xy60,906510,10,success,success,264,0.001911,0.000121,0.000696,0.000030,8.911,8.911,0.272,0,0,129,69,82,0,0,0.001588,-0.000030,8.911,-1.298,nan,square_fast_settle,z_gate,inactive_phase:105;applied:77;aligned_descent_latch:41,0,0,28,57,69,152,9,0,0,6,0,0,0,169.553,173.773,27.488,1.845,6.906,8.734
wrong_basin_hold_xy60,906511,11,success,success,361,0.002073,0.008646,0.000352,0.008646,3.069,3.069,0.098,0,0,117,41,60,0,0,0.002093,0.010038,-3.069,-1.926,nan,square_fast_settle,aligned_descent_latch,inactive_phase:243;applied:61;aligned_descent:36,0,0,1,57,41,118,8,0,0,4,0,0,0,175.175,175.510,26.946,1.675,1.962,0.779
wrong_basin_hold_xy60,906512,12,success,success,277,0.001378,0.009673,0.000132,0.009673,4.705,4.705,0.038,0,0,141,72,75,0,0,0.001499,0.011078,4.705,-2.868,nan,square_fast_settle,aligned_descent_latch,inactive_phase:122;applied:101;aligned_descent_latch:33,0,0,13,40,72,154,9,0,0,5,0,0,0,170.707,174.016,26.113,2.007,2.290,4.297
wrong_basin_hold_xy60,906513,13,success,success,295,0.001416,0.009186,0.000120,0.009186,4.631,4.631,0.033,0,0,134,55,63,0,0,0.001597,0.010671,4.631,-2.066,nan,square_fast_settle,aligned_descent_latch,inactive_phase:161;applied:81;aligned_descent:37,0,0,0,53,55,134,9,0,0,6,0,0,0,173.306,179.985,25.651,1.834,3.660,5.494
wrong_basin_hold_xy60,906514,14,timeout,timeout_never_descended_low,1000,0.001930,0.072601,0.000218,0.066511,2.652,2.652,0.833,0,0,738,683,670,2,0,0.002316,0.072375,2.652,2.312,nan,near_miss_descend,applied,applied:738;inactive_phase:109;raw_norm_gate:77,0,2,0,0,683,738,99,71,37,14,0,0,0,172.582,179.667,119.796,2.414,2.666,0.307
wrong_basin_hold_xy60,906515,15,success,success,347,0.002399,0.009378,0.000324,0.009378,7.844,7.844,0.065,0,0,110,44,69,0,0,0.002140,0.010122,7.844,-2.498,nan,square_fast_settle,applied,inactive_phase:220;applied:54;aligned_descent_latch:50,0,0,17,60,44,127,8,0,0,5,0,0,0,178.569,174.238,28.244,1.806,5.063,6.861
wrong_basin_hold_xy60,906516,16,success,success,221,0.002279,0.009409,0.000208,0.009409,2.304,2.304,0.066,0,0,137,50,60,0,0,0.002113,0.011055,2.304,-2.031,nan,square_fast_settle,aligned_descent_latch,applied:97;inactive_phase:84;aligned_descent:28,0,0,0,39,50,137,9,0,0,6,0,0,0,165.651,171.743,25.498,1.859,1.287,2.432
wrong_basin_hold_xy60,906517,17,timeout,timeout_wrong_yaw_basin,1000,0.151662,0.064221,0.015108,0.053890,172.186,172.186,2.008,0,0,50,67,0,2,0,0.153021,0.064637,-172.186,178.229,nan,recover_recenter,xy_gate,xy_gate:471;inactive_phase:272;raw_norm_gate:190,0,17,0,0,67,50,254,134,19,47,0,0,0,179.974,178.964,67.539,176.820,173.425,9.639
wrong_basin_hold_xy60,906518,18,success,success,253,0.001462,0.008857,0.000294,0.008857,0.372,0.372,0.059,0,0,127,44,63,0,0,0.001457,0.010221,0.372,-1.255,nan,square_fast_settle,aligned_descent_latch,inactive_phase:126;applied:72;aligned_descent_latch:36,0,0,0,55,44,127,8,0,0,5,0,0,0,178.867,173.748,24.479,1.798,0.840,2.638
wrong_basin_hold_xy60,906519,19,success,success,267,0.001931,0.009463,0.000356,0.009463,1.501,1.501,0.043,0,0,120,52,67,0,0,0.002021,0.010771,1.501,-2.388,nan,square_fast_settle,aligned_descent_latch,inactive_phase:131;applied:65;aligned_descent_latch:36,0,0,16,55,52,136,9,0,0,6,0,0,0,176.325,175.635,26.102,1.808,0.760,2.248
wrong_basin_hold_xy60,908500,0,success,success,234,0.001671,0.009914,0.000208,0.009914,0.856,0.856,0.042,0,0,134,51,55,0,0,0.001757,0.011377,0.856,-2.162,nan,square_fast_settle,aligned_descent_latch,inactive_phase:100;applied:80;aligned_descent:49,0,0,0,53,51,134,9,0,1,5,0,0,0,170.752,177.789,30.249,1.735,1.856,3.591
wrong_basin_hold_xy60,908501,1,success,success,326,0.002421,0.009949,0.001054,0.009949,5.664,5.664,0.034,0,0,163,80,58,0,0,0.002347,0.011384,5.664,-4.732,nan,square_fast_settle,applied,inactive_phase:136;applied:105;aligned_descent_latch:55,0,1,25,58,80,188,10,0,1,4,0,0,0,178.970,179.968,33.745,2.172,2.235,2.851
wrong_basin_hold_xy60,908502,2,success,success,308,0.001794,0.008432,0.000645,0.008432,1.874,1.874,0.040,0,0,123,40,58,0,0,0.001830,0.010041,1.874,-1.812,nan,square_fast_settle,aligned_descent,inactive_phase:185;applied:74;aligned_descent_latch:32,0,0,0,49,40,123,11,0,0,8,0,0,0,175.080,179.958,21.734,1.861,1.324,3.175
wrong_basin_hold_xy60,908503,3,timeout,timeout_wrong_yaw_basin,1000,0.085850,0.105181,0.023084,0.079734,175.407,175.407,4.435,0,0,49,50,0,2,0,0.086798,0.105343,-175.407,-155.091,nan,recover_recenter,raw_norm_gate,inactive_phase:373;raw_norm_gate:296;xy_gate:281,0,1,0,0,50,49,322,11,20,23,0,0,0,179.979,177.762,52.582,138.947,150.062,19.681
wrong_basin_hold_xy60,908504,4,success,success,357,0.000792,0.009459,0.000162,0.009459,1.038,1.038,0.070,0,0,117,53,66,0,0,0.000595,0.010760,1.038,-1.962,nan,square_fast_settle,aligned_descent_latch,inactive_phase:223;applied:59;aligned_descent_latch:47,0,0,17,59,53,134,8,0,0,5,0,0,0,175.996,175.553,25.734,1.516,0.734,2.061
wrong_basin_hold_xy60,908505,5,success,success,303,0.001428,0.009210,0.000132,0.009210,8.583,8.583,0.030,0,0,113,56,59,0,0,0.001400,0.010631,8.583,-0.115,nan,square_fast_settle,aligned_descent,inactive_phase:171;applied:65;aligned_descent_latch:32,0,0,18,55,56,131,10,0,1,6,0,0,0,172.108,174.568,46.836,1.463,10.762,12.155
wrong_basin_hold_xy60,908506,6,success,success,393,0.001710,0.009270,0.000371,0.009270,2.453,2.453,0.052,0,0,120,39,60,0,0,0.001863,0.010887,2.453,-2.081,nan,square_fast_settle,aligned_descent_latch,inactive_phase:271;applied:73;aligned_descent_latch:25,0,0,2,47,39,122,9,0,0,5,0,0,0,164.956,174.824,26.416,1.709,1.310,3.019
wrong_basin_hold_xy60,908507,7,success,success,296,0.002046,0.008902,0.001431,0.008902,0.257,0.257,0.045,0,0,190,60,36,1,0,0.002151,0.010394,0.257,-2.051,nan,square_fast_settle,aligned_descent_latch,applied:132;inactive_phase:105;aligned_descent:42,0,0,0,57,60,190,9,0,1,5,0,0,0,164.255,177.238,33.100,1.576,1.700,3.276
wrong_basin_hold_xy60,908508,8,timeout,timeout_wrong_yaw_basin,1000,0.152403,0.060785,0.000511,0.000003,176.274,176.274,6.462,33,11,397,534,602,4,0,0.153577,0.061036,-176.274,-1.644,nan,recover_recenter,xy_gate,applied:348;target_hold_z_gate:347;inactive_phase:161,0,0,364,62,534,414,8,0,2,5,0,0,0,174.217,176.629,50.533,1.850,14.275,16.125
wrong_basin_hold_xy60,908509,9,success,success,239,0.001503,0.009773,0.000228,0.009773,4.581,4.581,0.038,0,0,121,51,61,0,0,0.001460,0.010693,4.581,-1.200,nan,square_fast_settle,applied,inactive_phase:112;applied:80;aligned_descent_latch:39,0,0,6,42,51,127,10,0,0,7,0,0,0,177.362,179.451,19.133,2.007,1.694,3.234
wrong_basin_hold_xy60,908510,10,timeout,timeout_yaw_not_aligned,1000,0.031826,0.041757,0.009636,0.041757,24.236,24.236,0.238,0,0,65,132,0,2,0,0.038940,0.042085,-24.236,-57.440,nan,recover_recenter,applied,xy_gate:462;inactive_phase:218;raw_norm_gate:188,0,67,0,0,132,65,299,173,49,37,0,0,0,179.978,179.951,57.620,149.764,149.392,10.837
wrong_basin_hold_xy60,908511,11,success,success,372,0.000925,0.009380,0.000303,0.009380,2.782,2.782,0.051,0,0,132,50,68,0,0,0.000945,0.010729,2.782,-2.360,nan,square_fast_settle,aligned_descent_latch,inactive_phase:234;applied:79;aligned_descent_latch:30,0,0,6,53,50,138,8,0,0,5,0,0,0,178.081,179.994,19.529,1.903,1.565,3.468
wrong_basin_hold_xy60,908512,12,success,success,425,0.002499,0.009070,0.001559,0.009070,9.920,9.920,0.912,0,0,158,58,62,0,0,0.002370,0.010168,9.920,1.555,nan,square_fast_settle,aligned_descent_latch,inactive_phase:262;applied:100;aligned_descent_latch:53,0,0,4,57,58,162,10,1,0,6,0,0,0,175.107,178.725,25.151,2.653,11.281,8.629
wrong_basin_hold_xy60,908513,13,success,success,515,0.000999,0.009389,0.000065,0.009389,8.409,8.409,0.882,0,0,214,165,119,1,0,0.001084,0.011100,8.409,1.575,nan,square_fast_settle,aligned_descent_latch,applied:176;raw_norm_gate:166;inactive_phase:118,0,12,5,38,165,219,200,167,87,16,0,0,0,179.870,179.576,61.316,2.088,5.372,3.284
wrong_basin_hold_xy60,908514,14,success,success,287,0.002101,0.009976,0.000603,0.009976,5.370,5.370,0.053,0,0,132,33,66,0,0,0.002092,0.011270,5.370,-2.411,nan,square_fast_settle,aligned_descent_latch,inactive_phase:155;applied:67;aligned_descent:33,0,0,0,64,33,132,8,0,0,5,0,0,0,171.406,173.106,23.435,1.810,3.685,5.495
wrong_basin_hold_xy60,908515,15,success,success,306,0.001911,0.008443,0.000353,0.008443,2.401,2.401,0.046,0,0,153,55,56,0,0,0.002333,0.010171,2.401,-2.604,nan,square_fast_settle,aligned_descent_latch,inactive_phase:151;applied:108;aligned_descent:23,0,0,0,45,55,153,12,0,1,7,0,0,0,164.892,178.978,34.453,1.964,1.070,2.103
wrong_basin_hold_xy60,908516,16,timeout,timeout_wrong_yaw_basin,1000,0.027485,0.059179,0.027062,0.002365,175.289,175.289,11.105,261,150,72,243,0,1,181,0.027452,0.059203,-175.289,-179.649,nan,inactive,low_visibility_brake,inactive_phase:378;xy_gate:314;low_visibility_brake:179,0,179,18,0,243,89,213,63,2,27,0,0,0,179.957,179.798,35.964,178.340,175.250,4.998
wrong_basin_hold_xy60,908517,17,success,success,286,0.001695,0.009813,0.000128,0.009813,2.137,2.137,0.056,0,0,121,51,58,0,0,0.002213,0.011288,2.137,-3.958,nan,square_fast_settle,applied,inactive_phase:153;applied:71;aligned_descent_latch:26,0,0,9,50,51,130,9,1,5,6,0,0,0,170.023,176.410,35.016,1.615,2.016,2.503
wrong_basin_hold_xy60,908518,18,success,success,945,0.001658,0.000725,0.000213,0.000016,9.930,9.930,0.034,57,20,537,365,193,2,0,0.001392,0.001533,9.930,0.834,nan,square_fast_settle,target_hold_z_gate,applied:395;inactive_phase:170;xy_gate:143,0,45,38,151,365,563,75,4,4,15,0,0,0,179.453,178.922,33.305,1.837,13.124,14.935
wrong_basin_hold_xy60,908519,19,success,success,273,0.001388,0.009128,0.000129,0.009128,4.012,4.012,0.036,0,0,120,30,55,0,0,0.001430,0.010686,4.012,-1.902,nan,square_fast_settle,aligned_descent,inactive_phase:151;applied:69;aligned_descent_latch:30,0,0,2,51,30,122,11,0,0,8,0,0,0,171.023,176.224,27.084,1.737,2.027,3.765
