tier,scenario,scenario_level,episode,seed,outcome,success,collision,timeout,steps,episode_return,final_dist_xy,final_dist_z,min_dist_xy,mean_correction_norm,mean_near_correction_norm,mean_failure_window_correction_norm,near_hole_step_rate,opposed_action_rate,failure_window_opposed_action_rate,failure_window_policy_down_or_oracle_up_rate,control_action_scale_multiplier,control_action_noise_std,control_action_delay,control_action_filter_alpha,hole_half_size,peg_radius,hole_clearance
wide_current,full_light_geometry,full_light_geometry,0,980000,success,True,False,False,9,137.66170212696167,0.004813624356213802,0.0055709888312690525,0.00311000581598103,0.005814445565931055,0.005814445565931055,nan,1.0,0.2222222222222222,nan,nan,1.097212452840714,5.421681015065652e-05,0,0.885824010341222,0.02891791232167286,0.012188537634132555,0.016729374687540304
wide_current,full_light_geometry,full_light_geometry,1,980001,collision,False,True,False,168,-131.46705478855642,0.02045702774329635,0.0815578004103662,0.0032009538903460407,0.007615613997120168,0.007803874812402397,0.008308926938581259,0.9642857142857143,0.2976190476190476,0.0,0.0,0.9424861620185586,0.0007584980382697383,1,0.7910863236751569,0.027130826118708356,0.01247079492598574,0.014660031192722616
wide_current,full_light_geometry,full_light_geometry,2,980002,success,True,False,False,11,128.35465761601225,0.004654944525702382,0.006754411272992811,0.0033218191523131115,0.0049392144933349345,0.0049392144933349345,nan,1.0,0.0,nan,nan,0.8024007898121093,0.00028215971728628525,1,0.7069368365570471,0.025625476189001368,0.012426744936419694,0.013198731252581674
wide_current,full_light_geometry,full_light_geometry,3,980003,collision,False,True,False,174,-41.925371818150666,0.025255819989604494,0.06938288818677507,0.005695731630066775,0.005471602559027605,0.005471602559027605,0.010056903457732472,1.0,0.040229885057471264,0.25,0.25,0.8610312084732328,0.0003384107295787222,1,0.573156663379679,0.02644972130764265,0.012015299605906174,0.014434421701736476
wide_current,full_light_geometry,full_light_geometry,4,980004,success,True,False,False,13,132.5591549711495,0.0018502262894431823,0.0077271471016399085,0.0064215812168642045,0.0027909341027140887,0.0027909341027140887,nan,1.0,0.07692307692307693,nan,nan,0.9020412614627524,0.0007074694481263252,1,0.6549679002034147,0.028059093719276975,0.011690069652666786,0.01636902406661019
wide_current,full_light_geometry,full_light_geometry,5,980005,success,True,False,False,14,130.7600535627172,0.004108166455522298,0.007797242844078456,0.001786385336154667,0.0054143817802688714,0.0054143817802688714,nan,1.0,0.14285714285714285,nan,nan,0.921285887045231,0.00022954150531318167,1,0.9302422565623876,0.026770880029232502,0.011794048482360842,0.01497683154687166
wide_current,full_light_geometry,full_light_geometry,6,980006,success,True,False,False,20,161.76587021077944,0.0038146570738641305,0.0077326008933629176,0.0033284115428823284,0.005990864736001242,0.007146743673408733,nan,0.7,0.15,nan,nan,1.1599606290552689,0.00033375862502783865,0,0.6648542874399634,0.02794893311706047,0.011729248293891843,0.01621968482316863
wide_current,full_light_geometry,full_light_geometry,7,980007,success,True,False,False,12,139.293300249274,0.003869359687009954,0.008123157685124616,0.007921227036030066,0.00511106291665289,0.00511106291665289,nan,1.0,0.08333333333333333,nan,nan,0.974449162776727,0.00016952339416216296,0,0.6102642793419819,0.028175854076093864,0.011578036140877367,0.016597817935216495
wide_current,full_light_geometry,full_light_geometry,8,980008,success,True,False,False,18,142.51885358897673,0.0047259647206171025,0.007847532803226809,0.005207628711766625,0.005115699403545096,0.0061689805844120475,nan,0.7222222222222222,0.2777777777777778,nan,nan,0.8166932823228796,0.0006147301402054582,1,0.6919594872079669,0.02615944523181031,0.011860605966375913,0.014298839265434397
wide_current,full_light_geometry,full_light_geometry,9,980009,success,True,False,False,23,152.16608810340446,0.002352680837895365,0.007837146347629553,0.004444651961218853,0.005493739984188763,0.006453291249520003,nan,0.7391304347826086,0.08695652173913043,nan,nan,0.8370036537648587,0.0007897932388380521,2,0.7158086597509641,0.025196353595529037,0.012272937477612423,0.012923416117916614
wide_current,full_light_geometry,full_light_geometry,10,980010,success,True,False,False,32,150.22256108033295,0.0012238436220861977,0.008373516961640903,0.0033878540273018834,0.004286142347014651,0.004286142347014651,nan,1.0,0.0625,nan,nan,1.044185737340967,1.9748763310199547e-05,2,0.9903457175517185,0.025888714310312595,0.012320304825294653,0.013568409485017943
wide_current,full_light_geometry,full_light_geometry,11,980011,success,True,False,False,23,154.25082294167686,0.004073735921478864,0.008049754735688364,0.005006047650902137,0.004112847070625996,0.004956685377068832,nan,0.6956521739130435,0.08695652173913043,nan,nan,0.8637933985428624,0.000711384113902108,1,0.6125046914734278,0.02549722866945092,0.011928616020617505,0.013568612648833413
wide_current,full_light_geometry,full_light_geometry,12,980012,success,True,False,False,36,165.14796347236705,0.00472810313527515,0.00802170970228111,0.005521050950187926,0.004547904928425162,0.00472520506256674,nan,0.8611111111111112,0.08333333333333333,nan,nan,1.0225811922589243,0.0006713240322338104,2,0.6143951690286269,0.027226549337328553,0.012039403819024611,0.015187145518303942
wide_current,full_light_geometry,full_light_geometry,13,980013,success,True,False,False,77,153.948335485472,0.004956591157856073,0.008194193176360609,0.005034624436026777,0.006050237010576689,0.006177029576895114,nan,0.935064935064935,0.3246753246753247,nan,nan,0.9859353860952578,0.0003069482341783528,0,0.675096340675561,0.026128326660585028,0.012360133013604986,0.013768193646980042
wide_current,full_light_geometry,full_light_geometry,14,980014,collision,False,True,False,9,-295.7492714672997,0.022251592213509315,0.026841873474868883,0.002810358008023304,0.003665060926557185,0.004215015997434299,0.003884567585684166,0.4444444444444444,0.0,0.0,0.0,1.0780161070641125,0.0006854937932184084,2,0.8952758306072283,0.028480375833329984,0.011516674544648792,0.01696370128868119
wide_current,full_light_geometry,full_light_geometry,15,980015,success,True,False,False,19,137.9585741859164,0.0032863504978125333,0.008360035279319389,0.003462479622179243,0.006819031602707981,0.008021592757831165,nan,0.7894736842105263,0.3684210526315789,nan,nan,0.9777958370143832,0.0006743837328765821,2,0.9391762419450161,0.02574874358728458,0.012369132658443357,0.013379610928841223
wide_current,full_light_geometry,full_light_geometry,16,980016,success,True,False,False,34,189.20121179409273,0.00478602687785237,0.007560912933674557,0.003930578168950907,0.007822121301508661,0.007822121301508661,nan,1.0,0.6176470588235294,nan,nan,1.0605437793205992,9.645997521799741e-05,0,0.9826517417643157,0.025198013330278945,0.011580901582578934,0.01361711174770001
wide_current,full_light_geometry,full_light_geometry,17,980017,collision,False,True,False,9,-291.30690043218215,0.02362537226801355,0.04362193129538927,0.010722485518620489,0.003382893647889131,0.003017975947506772,0.0033538383814200167,0.4444444444444444,0.0,0.0,0.0,1.173454406341035,0.00014121160558874931,1,0.6593764776725023,0.025511344516401354,0.01215923492097279,0.013352109595428563
wide_current,full_light_geometry,full_light_geometry,18,980018,collision,False,True,False,21,-274.8906429151626,0.021856181153492426,0.03510668833645658,0.007238451224000947,0.003701331201389542,0.004817292097726818,0.004139204537216388,0.47619047619047616,0.0,0.0,0.125,1.0753306399975018,0.0005566673337465532,2,0.8547359634033174,0.02668355547664441,0.012079848716232721,0.014603706760411688
wide_current,full_light_geometry,full_light_geometry,19,980019,success,True,False,False,60,222.33222650790967,0.004978635997871776,0.008221290231480771,0.002677360175087633,0.00796938694536107,0.008307567480782405,nan,0.9333333333333333,0.5166666666666667,nan,nan,0.9566829598706227,0.00034305511674643754,0,0.8713474289619099,0.025570885355653567,0.012369476267529055,0.013201409088124512
wide_current,full_light_geometry,full_light_geometry,20,980020,collision,False,True,False,141,-150.568828853368,0.02178247249519307,0.07047066365878563,0.00040949797676387143,0.0069454305307772085,0.0069454305307772085,0.01077397277041699,1.0,0.28368794326241137,0.375,0.125,1.1156014798245024,0.000229548347566728,0,0.7090858096164508,0.02868373839013707,0.01216392545990487,0.0165198129302322
wide_current,full_light_geometry,full_light_geometry,21,980021,collision,False,True,False,7,-293.5873294467611,0.0635584554482532,0.04906228720100181,0.06867081775554496,0.0020725485709907243,nan,0.0020725485709907243,0.0,0.0,0.0,0.0,0.8086127577674885,0.0002420700867461508,2,0.8270192001197991,0.028299814872643828,0.012151007833856106,0.016148807038787724
wide_current,full_light_geometry,full_light_geometry,22,980022,success,True,False,False,13,126.01107438112452,0.0017797621528626258,0.007864525822279034,0.005475632427190203,0.004505121650935814,0.004505121650935814,nan,1.0,0.07692307692307693,nan,nan,0.9279125584837602,0.00026622579556785474,2,0.9480152873844976,0.02709258305463128,0.011736172356338309,0.01535641069829297
wide_current,full_light_geometry,full_light_geometry,23,980023,collision,False,True,False,6,-304.8289775270805,0.021879794455994174,0.04386086824508717,0.002662046402411254,0.004221515669415601,0.004221515669415601,0.004221515669415601,1.0,0.0,0.0,0.16666666666666666,1.0030271540611932,0.00044082637982287916,2,0.7581788024116702,0.025300798434542835,0.01230429273650209,0.012996505698040745
wide_current,full_light_geometry,full_light_geometry,24,980024,collision,False,True,False,9,-284.46933452938487,0.03995714588976793,0.04979550221254947,0.047273529229469945,0.003110634580408568,nan,0.0028598439823979546,0.0,0.0,0.0,0.0,0.9608712834069604,0.0004967549888302166,1,0.7784284105096191,0.027787437421073514,0.011920953056130834,0.01586648436494268
wide_current,full_light_geometry,full_light_geometry,25,980025,success,True,False,False,18,146.1533191855364,0.0036832914551505934,0.007517595161652735,0.0020603876085478227,0.00545945394454787,0.006291536927970662,nan,0.6666666666666666,0.16666666666666666,nan,nan,1.109247823820863,0.0006112568784572839,0,0.8188860364559645,0.026745290127733194,0.011696313485183197,0.015048976642549996
wide_current,full_light_geometry,full_light_geometry,26,980026,collision,False,True,False,9,-291.35438600714355,0.04843705843074782,0.049659359484347076,0.034177530177806344,0.0031628533159249734,nan,0.003250029867532785,0.0,0.0,0.0,0.0,1.1363068234989415,0.00016410866679378576,2,0.8708691641627235,0.02828860813724963,0.011674797094540378,0.016613811042709252
wide_current,full_light_geometry,full_light_geometry,27,980027,success,True,False,False,27,161.08426792054243,0.003703979084068832,0.007878436900057073,0.0056694431745661,0.0045273741168672015,0.0045273741168672015,nan,1.0,0.1111111111111111,nan,nan,0.9765755605497272,8.07554019688208e-06,1,0.9497996221044193,0.02819435016322319,0.011892827469264483,0.016301522693958705
wide_current,full_light_geometry,full_light_geometry,28,980028,success,True,False,False,12,142.35617218294686,0.004256573180117726,0.007481249905095688,0.0033852596659128408,0.005375412710468046,0.005375412710468046,nan,1.0,0.0,nan,nan,0.8916270395772501,0.00031781072226440017,0,0.8778763895643751,0.02800387936111625,0.011572097783887628,0.016431781577228622
wide_current,full_light_geometry,full_light_geometry,29,980029,collision,False,True,False,8,-298.5230764956038,0.020679576262024563,0.021719597728268702,0.00644410399182745,0.004059664847823644,0.003766628307150391,0.004059664847823644,0.625,0.0,0.0,0.375,0.8796976905006261,0.0005127781731197076,1,0.9689763642857038,0.02704690459002428,0.01188953731613642,0.01515736727388786
wide_current,full_light_geometry,full_light_geometry,30,980030,success,True,False,False,10,135.09063713208386,0.0016410904725168082,0.007809988338029372,0.003731300093435501,0.003997371922240211,0.004022378237805549,nan,0.7,0.1,nan,nan,1.0952146875217088,0.00016781553282012621,0,0.661705084837836,0.02881512817788599,0.011508890819013247,0.017306237358872743
wide_current,full_light_geometry,full_light_geometry,31,980031,success,True,False,False,15,136.57151468342525,0.0038511026323097097,0.008416678779869402,0.006270942765957311,0.005626400528285222,0.005952218769511017,nan,0.7333333333333333,0.2,nan,nan,1.0274235456492384,0.00017725418239935965,1,0.727526382504679,0.025600685828508916,0.012312957725078025,0.013287728103430891
wide_current,full_light_geometry,full_light_geometry,32,980032,success,True,False,False,28,151.3318683612515,0.004554565256105328,0.007800493674885667,0.004961025790721546,0.006063781990019748,0.006063781990019748,nan,1.0,0.25,nan,nan,1.1888008743576517,5.272521578659424e-05,1,0.6307677429044861,0.026890914610643493,0.011805321395887025,0.015085593214756467
wide_current,full_light_geometry,full_light_geometry,33,980033,success,True,False,False,13,145.4472383273384,0.0022554704625926446,0.005730253912621608,0.004275632605911306,0.004611612548462491,0.005098825089042792,nan,0.6153846153846154,0.07692307692307693,nan,nan,1.0775041887112193,0.0006996591849209431,0,0.9077952092000046,0.027610635262348793,0.012095772462966023,0.01551486279938277
wide_current,full_light_geometry,full_light_geometry,34,980034,success,True,False,False,21,148.63826576970393,0.00393623902697501,0.00808671818055351,0.005607571512893359,0.004267454541757633,0.004586572023215195,nan,0.8095238095238095,0.047619047619047616,nan,nan,1.0779666918403517,0.0004014477134571497,2,0.8202355366522452,0.02537328178040602,0.01199833168260318,0.013374950097802839
wide_current,full_light_geometry,full_light_geometry,35,980035,success,True,False,False,27,157.343809177188,0.002759987225804025,0.007945457760799468,0.008553805607545113,0.004708071940132824,0.005642786939458468,nan,0.5555555555555556,0.037037037037037035,nan,nan,1.1651399602304737,0.0003865002376722339,1,0.7453178250922993,0.028389832350599217,0.01161390751867937,0.016775924831919847
wide_current,full_light_geometry,full_light_geometry,36,980036,collision,False,True,False,7,-291.26303187921087,0.030283843681597842,0.048843953033397836,0.03211381697251798,0.0027441091601110397,nan,0.0027441091601110397,0.0,0.0,0.0,0.0,1.067167792840727,0.00020699078240254558,2,0.5663223826402664,0.02595807535557014,0.011798158007801948,0.014159917347768192
wide_current,full_light_geometry,full_light_geometry,37,980037,collision,False,True,False,7,-289.25584153062715,0.03394861214176436,0.049734385508726775,0.043513348386767424,0.0016873612832616922,nan,0.0016873612832616922,0.0,0.0,0.0,0.0,0.8594597262743157,0.0005218015175078788,2,0.9503181649441431,0.02523201623745401,0.01215284531322046,0.01307917092423355
wide_current,full_light_geometry,full_light_geometry,38,980038,success,True,False,False,18,150.37125407800306,0.001997169847272558,0.008188826411886674,0.0032885450222864573,0.004288822366003487,0.004714980006696305,nan,0.6666666666666666,0.1111111111111111,nan,nan,1.1993201518860213,0.0003153509502348481,0,0.5883575006979778,0.028285982404272,0.01195294397117188,0.01633303843310012
wide_current,full_light_geometry,full_light_geometry,39,980039,success,True,False,False,25,140.7771931673729,0.0033773464775490574,0.008302716095095919,0.002040952324959827,0.004336448613308581,0.005314150212832377,nan,0.72,0.08,nan,nan,1.1740101844820723,0.0001828756010079795,2,0.9898395843414833,0.026974364082476675,0.012199247152632122,0.014775116929844553
wide_current,full_light_geometry,full_light_geometry,40,980040,success,True,False,False,20,145.78442475036596,0.004478607483118677,0.008338985328853132,0.0027490629713318444,0.0054020112889810335,0.0066567856327244,nan,0.7,0.3,nan,nan,1.1973978856815122,0.00012270593928973703,0,0.6541559108697395,0.027941771032897186,0.012274970900680289,0.0156668001322169
wide_current,full_light_geometry,full_light_geometry,41,980041,collision,False,True,False,20,-258.7092801718225,0.020654620626225993,0.04551763270585063,0.01683389635319098,0.00432078903636887,0.006905873336527065,0.006905873336527065,0.4,0.0,0.0,0.0,1.0814445742465286,1.0790072670905816e-05,1,0.6603356503044072,0.026136319313985426,0.011663029357817375,0.014473289956168051
wide_current,full_light_geometry,full_light_geometry,42,980042,success,True,False,False,18,142.0849464339245,0.004963414988603912,0.007748064406465249,0.006597226330734761,0.004438592208943894,0.004875808979212659,nan,0.7222222222222222,0.05555555555555555,nan,nan,0.8778833927084094,0.000519994902729753,1,0.9342894079459845,0.025619237754197565,0.01165467962015106,0.013964558134046505
wide_current,full_light_geometry,full_light_geometry,43,980043,success,True,False,False,18,161.90529942857947,0.003934028021909228,0.007997050035769115,0.007100097360890034,0.00635379466003512,0.006903554329102719,nan,0.7777777777777778,0.1111111111111111,nan,nan,1.129030238793521,0.0001347027909609409,0,0.6803767377608063,0.02643829181317292,0.011936052168377925,0.014502239644794995
wide_current,full_light_geometry,full_light_geometry,44,980044,collision,False,True,False,8,-297.29446133829936,0.021713379727615775,0.03606700934115681,0.010031334608128026,0.003931293893565714,0.0049790273933797155,0.003931293893565714,0.375,0.0,0.0,0.125,1.0661753681983708,0.0006658681050774844,2,0.8808405516119914,0.026094549453939932,0.012080875521083662,0.01401367393285627
wide_current,full_light_geometry,full_light_geometry,45,980045,success,True,False,False,13,137.45413514117183,0.004951690393721153,0.007650423123595984,0.007267872179339905,0.00475168000489499,0.00514633200083844,nan,0.6923076923076923,0.0,nan,nan,1.1211334953037764,0.00044303457314553215,0,0.6740141848623806,0.027673266930949538,0.012036320689222212,0.015636946241727324
wide_current,full_light_geometry,full_light_geometry,46,980046,collision,False,True,False,9,-285.8896274284491,0.020131774338163176,0.045561316755294845,0.011609551099279204,0.003172996735488647,0.005270751139286631,0.0033261863266074946,0.3333333333333333,0.0,0.0,0.0,1.0490742402248043,9.39941936695993e-05,1,0.637113881912747,0.02669987119362431,0.01179012301812185,0.01490974817550246
wide_current,full_light_geometry,full_light_geometry,47,980047,success,True,False,False,17,140.50522898158488,0.0026253739697290647,0.008020648328276314,0.006015335283757709,0.004920473162547853,0.005325132584001808,nan,0.7058823529411765,0.058823529411764705,nan,nan,0.9272879658703056,0.0007954086785098952,1,0.8105200528730379,0.026771283020491574,0.012268431046870573,0.014502851973621
wide_current,full_light_geometry,full_light_geometry,48,980048,collision,False,True,False,6,-298.31873630241836,0.026063226544590968,0.047086074815901546,0.02108926755088696,0.0036905820349083657,0.0036905820349083657,0.0036905820349083657,1.0,0.0,0.0,0.0,0.9873888492644395,0.0004730707445546191,2,0.5667365553507956,0.026077467349331775,0.011895083404592579,0.014182383944739196
wide_current,full_light_geometry,full_light_geometry,49,980049,collision,False,True,False,9,-290.8845652654967,0.02468258368061663,0.04627595366160564,0.010120814989007753,0.003856275104232361,0.004784612104142101,0.003917032187742066,0.3333333333333333,0.0,0.0,0.0,1.1043604746200444,0.0004025964889205185,1,0.757230673027379,0.026922837341220827,0.012006210235503308,0.01491662710571752
wide_current,hard_full_light_bucket,full_light_geometry,0,980000,success,True,False,False,38,180.02392954834096,0.004822182260384418,0.008552784810709202,0.005849562377740896,0.005426014000379023,0.005426014000379023,nan,1.0,0.05263157894736842,nan,nan,1.0229093396305355,1.6942753172080162e-05,2,0.6758794216303016,0.028849469489113985,0.012479478080418216,0.01636999140869577
wide_current,hard_full_light_bucket,full_light_geometry,1,980001,collision,False,True,False,7,-290.88693142969515,0.032683243354783446,0.048794837321964546,0.03814500958091837,0.0013917045693762908,nan,0.0013917045693762908,0.0,0.0,0.0,0.0,0.906864621513919,0.00023703063695929322,2,0.5790927402963306,0.026724722057381557,0.01203270652967709,0.014692015527704468
wide_current,hard_full_light_bucket,full_light_geometry,2,980002,collision,False,True,False,9,-303.2193559536111,0.020352939157413458,0.010802998308596212,0.004881915529881384,0.0027901346836445165,0.0027901346836445165,0.0026776813960353134,1.0,0.0,0.0,0.0,0.801800592359082,8.817491165196415e-05,2,0.6053946064427899,0.02676030884381095,0.011656369047250342,0.01510393979656061
wide_current,hard_full_light_bucket,full_light_geometry,3,980003,success,True,False,False,23,146.11459838587683,0.0048133637172332,0.00785703529211157,0.006451821137626039,0.0047730437864529855,0.0047730437864529855,nan,1.0,0.08695652173913043,nan,nan,0.8457734063549246,0.00010575335299335067,2,0.61325054797392,0.02721221923593152,0.011862430326910662,0.015349788909020858
wide_current,hard_full_light_bucket,full_light_geometry,4,980004,success,True,False,False,15,133.06810014563246,0.002776967724654164,0.00829766634195428,0.005570426771753349,0.0046195595964199304,0.0046195595964199304,nan,1.0,0.06666666666666667,nan,nan,0.8765309460970644,0.00022108420253947662,2,0.5589722503395853,0.025672180756503286,0.012264773429819244,0.013407407326684042
wide_current,hard_full_light_bucket,full_light_geometry,5,980005,success,True,False,False,15,134.33336730433604,0.003803772979719337,0.007985303351920381,0.00618619824059639,0.004430407425306424,0.004430407425306424,nan,1.0,0.06666666666666667,nan,nan,0.8909644152839232,7.173172041036927e-05,2,0.6047026627983129,0.026803624675702256,0.011942720007308125,0.014860904668394131
wide_current,hard_full_light_bucket,full_light_geometry,6,980006,collision,False,True,False,7,-287.2323074367364,0.03371844804744589,0.04947041846450129,0.044129617398466554,0.0021356471129415446,nan,0.0021356471129415446,0.0,0.0,0.0,0.0,1.0699704717914518,0.00010429957032119958,2,0.5519019351370662,0.028456882397909642,0.012237233279265118,0.016219649118644524
wide_current,hard_full_light_bucket,full_light_geometry,7,980007,success,True,False,False,17,132.17658099172752,0.004638042569806273,0.008288284894113818,0.005987672627152087,0.004265450980089054,0.004265450980089054,nan,1.0,0.11764705882352941,nan,nan,0.9308368720825453,5.2976060675675925e-05,2,0.6707977882295184,0.028208412633358666,0.012293963519023466,0.015914449114335198
wide_current,hard_full_light_bucket,full_light_geometry,8,980008,collision,False,True,False,75,-220.28586127802114,0.02011454532946548,0.011573734015786208,0.01256735225516555,0.006549477548293222,0.006863023090646589,0.005171918836499761,0.92,0.0,0.0,0.0,0.8125199617421598,0.0001921031688142057,2,0.6989181486142207,0.02632127431800842,0.011789861307952577,0.014531413010055843
wide_current,hard_full_light_bucket,full_light_geometry,9,980009,collision,False,True,False,6,-294.20202628468184,0.03473344262615586,0.048946737389203965,0.04639991237245799,0.002322120510055405,nan,0.002322120510055405,0.0,0.0,0.0,0.0,0.8277527403236441,0.00024681038713689126,2,0.6333671840860361,0.028970107435123738,0.01154908839888226,0.017421019036241478
wide_current,hard_full_light_bucket,full_light_geometry,10,980010,success,True,False,False,59,212.8060674847889,0.004984101837266087,0.007708962625370019,0.006794461023764922,0.003805067321781192,0.003805067321781192,nan,1.0,0.06779661016949153,nan,nan,0.9831393030057254,6.171488534437358e-06,2,0.6393162031253864,0.027425258696592663,0.011722178577578148,0.015703080119014515
wide_current,hard_full_light_bucket,full_light_geometry,11,980011,collision,False,True,False,7,-289.6675046728387,0.03634212258297028,0.04834513957681008,0.04396022588469794,0.0024494354294293938,nan,0.0024494354294293938,0.0,0.0,0.0,0.0,0.8478450489071468,0.00022230753559440876,2,0.6222426208768631,0.02669079563328121,0.011624307167362728,0.01506648846591848
wide_current,hard_full_light_bucket,full_light_geometry,12,980012,success,True,False,False,18,134.7972300547737,0.0026031712685493156,0.008486311815379288,0.00415296009531393,0.004989276131623161,0.005262283200940293,nan,0.7777777777777778,0.16666666666666666,nan,nan,0.9669358941941933,0.00020978876007306574,2,0.5859049100578199,0.028048571340213005,0.012056637334332139,0.015991934005880865
wide_current,hard_full_light_bucket,full_light_geometry,13,980013,collision,False,True,False,6,-297.0321686523086,0.035649711814561814,0.0491579187253256,0.03875535722930355,0.004326380202187779,nan,0.004326380202187779,0.0,0.0,0.0,0.0,0.9394515395714433,9.592132318073523e-05,2,0.6118270264089134,0.027181313419121184,0.011782081665146257,0.015399231753974927
wide_current,hard_full_light_bucket,full_light_geometry,14,980014,success,True,False,False,38,177.4933222815058,0.004913558819978562,0.008363963673486796,0.0068892829966507195,0.0037081148225335202,0.003916159390682149,nan,0.8421052631578947,0.05263157894736842,nan,nan,1.0085120802980847,0.0002142168103807526,2,0.6804004089299114,0.027375815360066814,0.012370093958332495,0.015005721401734319
wide_current,hard_full_light_bucket,full_light_geometry,15,980015,collision,False,True,False,7,-294.53873174304545,0.02923589496052288,0.04788654324155306,0.03062147343461667,0.0038413138542794972,nan,0.0038413138542794972,0.0,0.0,0.0,0.0,0.9333468777607875,0.0002107449165239319,2,0.6767992299855987,0.025800857561020282,0.011687185896821144,0.014113671664199138
wide_current,hard_full_light_bucket,full_light_geometry,16,980016,collision,False,True,False,6,-295.9991161997644,0.03195597027594173,0.048850785163794375,0.027547273781992898,0.0025275821996616566,0.0025275821996616566,0.0025275821996616566,1.0,0.0,0.0,0.0,0.9954078344904496,3.014374225562419e-05,2,0.615150781297805,0.025560383493744985,0.011549503332569737,0.014010880161175248
wide_current,hard_full_light_bucket,full_light_geometry,17,980017,collision,False,True,False,10,-295.04452401708386,0.022827772025425224,0.025844805408921645,0.010241660772692323,0.004586455050360362,0.005441347439451899,0.0049814797574198166,0.4,0.0,0.0,0.25,1.0800908047557762,4.412862674648416e-05,2,0.6846125744289302,0.02775968665182716,0.011627836129100337,0.016131850522726823
wide_current,hard_full_light_bucket,full_light_geometry,18,980018,collision,False,True,False,9,-287.25844898752604,0.0334503303215883,0.04975606496220919,0.017265834061386178,0.004220600290196816,0.007044407875307131,0.004310597868944449,0.3333333333333333,0.0,0.0,0.0,1.0064979799981266,0.00017395854179579789,2,0.6389977637985503,0.026815585246405683,0.011920888869161102,0.014894696377244582
wide_current,hard_full_light_bucket,full_light_geometry,19,980019,collision,False,True,False,7,-291.3281833642723,0.03071593719759298,0.048433737504569696,0.03285894014066797,0.0031758781588302532,nan,0.0031758781588302532,0.0,0.0,0.0,0.0,0.917512219902967,0.00010720472398326173,2,0.584007660491763,0.028196454828973663,0.011642721338913392,0.01655373349006027
wide_current,hard_full_light_bucket,full_light_geometry,20,980020,success,True,False,False,112,169.18766428748836,0.004984011240851656,0.008238590442633531,0.0050617964224542854,0.005938820505814261,0.005938820505814261,nan,1.0,0.5446428571428571,nan,nan,1.036701109868377,7.17338586146025e-05,2,0.5684135743415181,0.025724082034156343,0.012420934597534268,0.013303147436622075
wide_current,hard_full_light_bucket,full_light_geometry,21,980021,collision,False,True,False,6,-296.1815789359547,0.06912013400804781,0.04977355622260726,0.07733845531129345,0.0023725601249748787,nan,0.0023725601249748787,0.0,0.0,0.0,0.0,0.8064595683256164,7.564690210817213e-05,2,0.6242130487750875,0.02584367962944444,0.012324953718160957,0.013518725911283482
wide_current,hard_full_light_bucket,full_light_geometry,22,980022,success,True,False,False,15,129.40300998389225,0.002419070006993001,0.008020254037116703,0.005522915846894097,0.003895046032074375,0.003895046032074375,nan,1.0,0.06666666666666667,nan,nan,0.8959344188628202,8.319556111495461e-05,2,0.6213043050365187,0.025744557921555656,0.01202314576365782,0.013721412157897836
wide_current,hard_full_light_bucket,full_light_geometry,23,980023,collision,False,True,False,6,-303.7886534016893,0.0202432359028596,0.04306595005487179,0.00041715385042769216,0.003502627116602408,0.003502627116602408,0.003502627116602408,1.0,0.0,0.0,0.16666666666666666,0.952270365545895,0.00013775824369464972,2,0.625469348364993,0.025104411166331074,0.011575199608635709,0.013529211557695365
wide_current,hard_full_light_bucket,full_light_geometry,24,980024,collision,False,True,False,6,-297.623066501976,0.07131951574084726,0.049622705302192927,0.07786036668362087,0.003807154168467239,nan,0.003807154168467239,0.0,0.0,0.0,0.0,0.9206534625552203,0.00015523593400944266,2,0.5584323902155853,0.02886958710269788,0.012196859355268378,0.016672727747429502
wide_current,hard_full_light_bucket,full_light_geometry,25,980025,collision,False,True,False,6,-295.86158501904345,0.04012270084851366,0.04842397194149384,0.04246110320536896,0.0032061541944470064,nan,0.0032061541944470064,0.0,0.0,0.0,0.0,1.0319358678656474,0.00019101777451790123,2,0.6754985364518985,0.02865630926168813,0.011936322531933299,0.016719986729754832
wide_current,hard_full_light_bucket,full_light_geometry,26,980026,collision,False,True,False,8,-292.0943704215478,0.031137806832582462,0.04980198062821173,0.028663847363344052,0.0025926929662260425,0.0018497104796993485,0.0025926929662260425,0.25,0.0,0.0,0.0,1.0522301176242062,5.128395837305805e-05,2,0.6599421875741108,0.027827299440323562,0.012322152034312408,0.015505147406011154
wide_current,hard_full_light_bucket,full_light_geometry,27,980027,success,True,False,False,17,131.7725509147876,0.0031761585699084643,0.00834546092729993,0.005906272306448758,0.0038805301802511782,0.0038805301802511782,nan,1.0,0.058823529411764705,nan,nan,0.9324316704122955,2.5236063115256504e-06,2,0.6978195420620973,0.028795930145569082,0.012298587540805797,0.016497342604763286
wide_current,hard_full_light_bucket,full_light_geometry,28,980028,success,True,False,False,19,133.25743804341843,0.004458693412868089,0.008218200430477052,0.0038074064311735202,0.006463959357003685,0.006463959357003685,nan,1.0,0.10526315789473684,nan,nan,0.8687202796829376,9.931585070762505e-05,2,0.5980667535279616,0.02536075246687495,0.012250969840279062,0.013109782626595887
wide_current,hard_full_light_bucket,full_light_geometry,29,980029,collision,False,True,False,10,-303.3672192326277,0.02319918190110894,0.005873399871772156,0.005044229494421991,0.004922832115102272,0.004136896310454087,0.004829213349081925,0.6,0.0,0.0,0.5,0.8597732678754696,0.0001602431790999086,2,0.691655694820683,0.02861970890736343,0.01201172614750607,0.01660798275985736
wide_current,hard_full_light_bucket,full_light_geometry,30,980030,collision,False,True,False,8,-290.13227186248287,0.02140494233606452,0.047416375917875286,0.013038572561061895,0.002928448291978479,0.003874927983034532,0.002928448291978479,0.375,0.0,0.0,0.0,1.0214110156412817,5.244235400628944e-05,2,0.5736587519319751,0.026229366344704786,0.012453782044471498,0.013775584300233288
wide_current,hard_full_light_bucket,full_light_geometry,31,980031,collision,False,True,False,8,-300.6378511131433,0.023374814657781247,0.024353349029153315,0.0069169116254933355,0.004785835345596104,0.004054376751492681,0.004785835345596104,0.5,0.0,0.0,0.375,0.9705676592369289,5.5391931999799885e-05,2,0.6496579494747029,0.02738998618608236,0.011650171457127228,0.01573981472895513
wide_current,hard_full_light_bucket,full_light_geometry,32,980032,success,True,False,False,32,169.09141356782226,0.0036417574510008437,0.00793322467864066,0.006609883647017268,0.004589914009049257,0.004589914009049257,nan,1.0,0.03125,nan,nan,1.091600655768239,1.64766299333107e-05,2,0.626322306602547,0.02820740604525769,0.011972728652660873,0.01623467739259682
wide_current,hard_full_light_bucket,full_light_geometry,33,980033,collision,False,True,False,6,-296.59475444951033,0.03816395701085672,0.050030107230955356,0.04190198089910086,0.00373407032307081,nan,0.00373407032307081,0.0,0.0,0.0,0.0,1.0081281415334145,0.0002186434952877947,2,0.6120354238855863,0.02863128548606856,0.012152658815587199,0.01647862667048136
wide_current,hard_full_light_bucket,full_light_geometry,34,980034,collision,False,True,False,148,-164.85177355959442,0.02157439918189335,0.06414673513974634,0.0018624826067820776,0.0060161700846511025,0.006129503037795023,0.009731315494433951,0.9662162162162162,0.24324324324324326,0.25,0.125,1.0084750188802638,0.00012545241045535928,2,0.6449748184165208,0.02771012906460529,0.011593320445101505,0.016116808619503785
wide_current,hard_full_light_bucket,full_light_geometry,35,980035,collision,False,True,False,7,-295.86769514882855,0.04372229675461805,0.04925348015151121,0.04466515353434831,0.003975030136633098,nan,0.003975030136633098,0.0,0.0,0.0,0.0,1.0738549701728555,0.0001207813242725731,2,0.6891384553161833,0.028028667866061452,0.012347458087649804,0.01568120977841165
wide_current,hard_full_light_bucket,full_light_geometry,36,980036,collision,False,True,False,7,-292.19578979240015,0.0304694319104226,0.04844940339563708,0.03198874023177571,0.002642361793205368,nan,0.002642361793205368,0.0,0.0,0.0,0.0,1.0003758446305455,6.468461950079549e-05,2,0.5654911730717865,0.026641191300389295,0.011739518838892534,0.01490167246149676
wide_current,hard_full_light_bucket,full_light_geometry,37,980037,collision,False,True,False,7,-290.96909489380175,0.04222783145297022,0.049083702281029984,0.0471431904372198,0.0017877992369095,nan,0.0017877992369095,0.0,0.0,0.0,0.0,0.8445947947057367,0.00016306297422121214,2,0.6883165864565219,0.027738267952767633,0.011558004059363502,0.01618026389340413
wide_current,hard_full_light_bucket,full_light_geometry,38,980038,collision,False,True,False,7,-290.143051862424,0.041662476498551995,0.04976883207907601,0.04721733243894834,0.003290958281400046,nan,0.003290958281400046,0.0,0.0,0.0,0.0,1.099490113914516,9.854717194839002e-05,2,0.6553978880017972,0.027638005221398223,0.012321495601068001,0.015316509620330222
wide_current,hard_full_light_bucket,full_light_geometry,39,980039,success,True,False,False,31,148.11423043996038,0.001962121587581173,0.00810382381266872,0.0027860944407332162,0.003733954458541192,0.0042924025303015464,nan,0.7741935483870968,0.0967741935483871,nan,nan,1.0805076383615544,5.7148625314993595e-05,2,0.6973887869881528,0.028152719168166893,0.01199359102061917,0.016159128147547726
wide_current,hard_full_light_bucket,full_light_geometry,40,980040,collision,False,True,False,6,-294.9777144551829,0.05744646467533521,0.048866130322921864,0.06713855374852976,0.002664236500595149,nan,0.002664236500595149,0.0,0.0,0.0,0.0,1.0980484142611342,3.8345606028042826e-05,2,0.6160294246705258,0.02510109038902792,0.012235442758224297,0.012865647630803624
wide_current,hard_full_light_bucket,full_light_geometry,41,980041,collision,False,True,False,7,-293.0200395261746,0.05383837484177686,0.04898598579427593,0.060268063841307784,0.0027142403397157388,nan,0.0027142403397157388,0.0,0.0,0.0,0.0,1.0110834306848966,3.371897709658067e-06,2,0.5549034956569806,0.0263414229389724,0.011784079828496356,0.014557343110476044
wide_current,hard_full_light_bucket,full_light_geometry,42,980042,collision,False,True,False,9,-295.2242075765398,0.02180226638079104,0.03484653480078059,0.009135346312746989,0.004226805450427249,0.005068020814579401,0.004311768945991862,0.3333333333333333,0.0,0.0,0.125,0.8584125445313071,0.0001624984071030478,2,0.6450502730264219,0.026391713209547658,0.011654809438549392,0.014736903770998266
wide_current,hard_full_light_bucket,full_light_geometry,43,980043,collision,False,True,False,7,-290.17318658667136,0.028989644595830467,0.04933521502677807,0.03065612440639383,0.002728188316000851,nan,0.002728188316000851,0.0,0.0,0.0,0.0,1.0467726790951408,4.2094622175294026e-05,2,0.6696794572502689,0.028038915212470924,0.01185957295329323,0.016179342259177693
wide_current,hard_full_light_bucket,full_light_geometry,44,980044,success,True,False,False,16,132.76818786573088,0.004286168318727889,0.008371507216945573,0.006042240924979024,0.0036402108526793473,0.004030165785000679,nan,0.6875,0.0625,nan,nan,0.9996315261487783,0.00020808378283671388,2,0.6073596084579034,0.02570784958775685,0.011773637363484983,0.013934212224271868
wide_current,hard_full_light_bucket,full_light_geometry,45,980045,collision,False,True,False,9,-296.39649581842497,0.02232746986286306,0.025162107296156755,0.003631858868073168,0.0038470726941934063,0.0040889414128838135,0.003989559477333826,0.4444444444444444,0.0,0.0,0.0,1.0408501214778323,0.0001384483041079788,2,0.6142484670434508,0.027524471930650135,0.012168316732737385,0.01535615519791275
wide_current,hard_full_light_bucket,full_light_geometry,46,980046,success,True,False,False,57,171.95068419577058,0.004941888994190132,0.007783461141703585,0.00364742505188121,0.006072084924249828,0.006646994430089957,nan,0.8771929824561403,0.3508771929824561,nan,nan,0.9868056801686034,2.937318552174978e-05,2,0.6431257241812653,0.026768273958719425,0.011924967798406077,0.014843306160313348
wide_current,hard_full_light_bucket,full_light_geometry,47,980047,collision,False,True,False,6,-295.34327259732936,0.02877560718353229,0.04742567196243064,0.035309172851005925,0.0041053895250151235,nan,0.0041053895250151235,0.0,0.0,0.0,0.3333333333333333,0.8954659744027292,0.00024856521203434225,2,0.6009690933320467,0.027518174521813026,0.011942820755122893,0.015575353766690133
wide_current,hard_full_light_bucket,full_light_geometry,48,980048,collision,False,True,False,6,-300.56529245490356,0.02381510575221375,0.042704105091985745,0.019234515635312283,0.0036999042802711214,0.0036999042802711214,0.0036999042802711214,1.0,0.0,0.0,0.5,0.9405416369483297,0.00014783460767331847,2,0.6257644847784616,0.028466991080966564,0.011769366837332944,0.01669762424363362
wide_current,hard_full_light_bucket,full_light_geometry,49,980049,collision,False,True,False,10,-292.87019651765706,0.025476573222141603,0.03258977035537114,0.005685830300163283,0.0035364960054858493,0.003929522720489093,0.0037174496772787538,0.4,0.0,0.0,0.0,1.0282703559650335,0.00012581140278766203,2,0.6725793896307172,0.028713494653700336,0.011980709335305206,0.01673278531839513
medium,full_light_geometry,full_light_geometry,0,980000,success,True,False,False,39,186.82784671014983,0.004799603698779058,0.008173393206431623,0.002645752354907747,0.007408204800671581,0.007408204800671581,nan,1.0,0.6666666666666666,nan,nan,1.097212452840714,5.421681015065652e-05,0,0.885824010341222,0.023917912321672858,0.012188537634132555,0.011729374687540303
medium,full_light_geometry,full_light_geometry,1,980001,success,True,False,False,16,131.58073554664225,0.000940667200893354,0.008182598044720546,0.0009370104074195242,0.004756334013055759,0.006138057021360066,nan,0.625,0.25,nan,nan,0.9424861620185586,0.0007584980382697383,1,0.7910863236751569,0.022130826118708355,0.01247079492598574,0.009660031192722615
medium,full_light_geometry,full_light_geometry,2,980002,success,True,False,False,21,130.29151202669192,0.004298373408922931,0.008456650229165974,0.0028808665612762843,0.005436497952373621,0.005436497952373621,nan,1.0,0.047619047619047616,nan,nan,0.8024007898121093,0.00028215971728628525,1,0.7069368365570471,0.020625476189001367,0.012426744936419694,0.008198731252581673
medium,full_light_geometry,full_light_geometry,3,980003,success,True,False,False,21,137.31021320807275,0.004137460154757013,0.006381528962611127,0.005652432055904629,0.0071313747994817805,0.0071313747994817805,nan,1.0,0.47619047619047616,nan,nan,0.8610312084732328,0.0003384107295787222,1,0.573156663379679,0.021449721307642645,0.012015299605906174,0.009434421701736471
medium,full_light_geometry,full_light_geometry,4,980004,success,True,False,False,31,162.71571411688882,0.004757799199441059,0.007655106319341298,0.005031375671113176,0.007138957308838275,0.007138957308838275,nan,1.0,0.5806451612903226,nan,nan,0.9020412614627524,0.0007074694481263252,1,0.6549679002034147,0.023059093719276974,0.011690069652666786,0.011369024066610188
medium,full_light_geometry,full_light_geometry,5,980005,success,True,False,False,27,150.06411430698125,0.0049672517340164715,0.007813934792916588,0.0036599187854501085,0.006703974984970052,0.006703974984970052,nan,1.0,0.2222222222222222,nan,nan,0.921285887045231,0.00022954150531318167,1,0.9302422565623876,0.0217708800292325,0.011794048482360842,0.00997683154687166
medium,full_light_geometry,full_light_geometry,6,980006,success,True,False,False,25,171.0559762184841,0.004526361126142807,0.00774618169546637,0.0027946682099022208,0.00643125960361764,0.007643142500258832,nan,0.76,0.28,nan,nan,1.1599606290552689,0.00033375862502783865,0,0.6648542874399634,0.02294893311706047,0.011729248293891843,0.011219684823168628
medium,full_light_geometry,full_light_geometry,7,980007,success,True,False,False,11,131.00194095629234,0.001518401453565491,0.009990170131296883,0.004476397819912846,0.005578351734286589,0.005578351734286589,nan,1.0,0.18181818181818182,nan,nan,0.974449162776727,0.00016952339416216296,0,0.6102642793419819,0.023175854076093863,0.011578036140877367,0.011597817935216496
medium,full_light_geometry,full_light_geometry,8,980008,success,True,False,False,15,131.39082565617082,0.001645332880358246,0.009875804790420273,0.0031254083702194142,0.0039235093346007026,0.0050301058576319845,nan,0.6,0.13333333333333333,nan,nan,0.8166932823228796,0.0006147301402054582,1,0.6919594872079669,0.021159445231810313,0.011860605966375913,0.0092988392654344
medium,full_light_geometry,full_light_geometry,9,980009,timeout,False,False,True,200,265.96501390359896,0.00880955807088178,0.02218853561943568,0.001022576141762406,0.007978362097387535,0.00814046677194078,0.009689921555663401,0.97,0.485,0.75,0.0,0.8370036537648587,0.0007897932388380521,2,0.7158086597509641,0.020196353595529036,0.012272937477612423,0.007923416117916613
medium,full_light_geometry,full_light_geometry,10,980010,success,True,False,False,26,128.78824052306678,0.002468405013421701,0.008274218988312598,0.004509213802899668,0.005377260595968506,0.005377260595968506,nan,1.0,0.11538461538461539,nan,nan,1.044185737340967,1.9748763310199547e-05,2,0.9903457175517185,0.020888714310312594,0.012320304825294653,0.008568409485017942
medium,full_light_geometry,full_light_geometry,11,980011,success,True,False,False,23,143.50321221263803,0.002689006843204683,0.007263883529578186,0.002331885684931675,0.004517343092198287,0.00587552036407918,nan,0.6956521739130435,0.13043478260869565,nan,nan,0.8637933985428624,0.000711384113902108,1,0.6125046914734278,0.020497228669450918,0.011928616020617505,0.008568612648833412
medium,full_light_geometry,full_light_geometry,12,980012,success,True,False,False,22,130.48582499453198,0.004969719865543963,0.008583351466685984,0.005679188595503868,0.005206466157932684,0.005698457422838803,nan,0.7727272727272727,0.09090909090909091,nan,nan,1.0225811922589243,0.0006713240322338104,2,0.6143951690286269,0.022226549337328552,0.012039403819024611,0.010187145518303941
medium,full_light_geometry,full_light_geometry,13,980013,collision,False,True,False,6,-301.7118008505895,0.04080984903958394,0.04873424816183258,0.04069938064142742,0.007361837539687927,nan,0.007361837539687927,0.0,0.5,0.5,0.16666666666666666,0.9859353860952578,0.0003069482341783528,0,0.675096340675561,0.021128326660585027,0.012360133013604986,0.008768193646980041
medium,full_light_geometry,full_light_geometry,14,980014,success,True,False,False,21,144.85615436203574,0.004034466918549277,0.009719322363286431,0.003696392671621839,0.004917844217817043,0.005723934001918523,nan,0.7619047619047619,0.19047619047619047,nan,nan,1.0780161070641125,0.0006854937932184084,2,0.8952758306072283,0.023480375833329983,0.011516674544648792,0.01196370128868119
medium,full_light_geometry,full_light_geometry,15,980015,collision,False,True,False,7,-297.4451344813215,0.03340045239022099,0.04882763295122028,0.03122184063671228,0.006541872499622238,nan,0.006541872499622238,0.0,0.0,0.0,0.0,0.9777958370143832,0.0006743837328765821,2,0.9391762419450161,0.02074874358728458,0.012369132658443357,0.008379610928841222
medium,full_light_geometry,full_light_geometry,16,980016,timeout,False,False,True,200,275.3994466091369,0.010861064749919727,0.009077054070426915,0.0037225372041939137,0.0073044826983876794,0.0073044826983876794,0.007358331619206405,1.0,0.175,0.25,0.0,1.0605437793205992,9.645997521799741e-05,0,0.9826517417643157,0.020198013330278944,0.011580901582578934,0.00861711174770001
medium,full_light_geometry,full_light_geometry,17,980017,collision,False,True,False,9,-292.58171842821423,0.026630138467400692,0.049040893549106235,0.0072754851078911595,0.004225146272341674,0.0055536471196943145,0.004280694712694605,0.4444444444444444,0.0,0.0,0.0,1.173454406341035,0.00014121160558874931,1,0.6593764776725023,0.020511344516401353,0.01215923492097279,0.008352109595428562
medium,full_light_geometry,full_light_geometry,18,980018,success,True,False,False,41,169.18378967895563,0.004709648654497165,0.008522037589937859,0.0016637794174615827,0.004537455966227719,0.005268317529107866,nan,0.7317073170731707,0.12195121951219512,nan,nan,1.0753306399975018,0.0005566673337465532,2,0.8547359634033174,0.02168355547664441,0.012079848716232721,0.00960370676041169
medium,full_light_geometry,full_light_geometry,19,980019,success,True,False,False,38,174.8878316511168,0.004965592274025935,0.008252137058734399,0.003458018352917402,0.007441562067028555,0.008056970182150793,nan,0.868421052631579,0.6578947368421053,nan,nan,0.9566829598706227,0.00034305511674643754,0,0.8713474289619099,0.020570885355653566,0.012369476267529055,0.008201409088124511
medium,full_light_geometry,full_light_geometry,20,980020,success,True,False,False,13,128.1020065287648,0.004671626188827045,0.008132485885054996,0.0011093698944821017,0.007010927600942785,0.007010927600942785,nan,1.0,0.46153846153846156,nan,nan,1.1156014798245024,0.000229548347566728,0,0.7090858096164508,0.023683738390137068,0.01216392545990487,0.011519812930232198
medium,full_light_geometry,full_light_geometry,21,980021,collision,False,True,False,7,-294.97804140289816,0.06537020529672878,0.04890630453575706,0.06969317982972853,0.003369188958273452,nan,0.003369188958273452,0.0,0.0,0.0,0.0,0.8086127577674885,0.0002420700867461508,2,0.8270192001197991,0.023299814872643827,0.012151007833856106,0.011148807038787721
medium,full_light_geometry,full_light_geometry,22,980022,success,True,False,False,17,126.78578683597479,0.003305017783573357,0.007713598055254178,0.002429386415494163,0.004247037581890913,0.004247037581890913,nan,1.0,0.058823529411764705,nan,nan,0.9279125584837602,0.00026622579556785474,2,0.9480152873844976,0.022092583054631278,0.011736172356338309,0.010356410698292969
medium,full_light_geometry,full_light_geometry,23,980023,success,True,False,False,28,120.92167430573059,0.0010254835289142809,0.008009407465223606,0.001576015134222307,0.0063240546331461605,0.0063240546331461605,nan,1.0,0.35714285714285715,nan,nan,1.0030271540611932,0.00044082637982287916,2,0.7581788024116702,0.020300798434542834,0.01230429273650209,0.007996505698040744
medium,full_light_geometry,full_light_geometry,24,980024,collision,False,True,False,9,-287.28826748318875,0.049263519197261324,0.0489652339836989,0.055387396089047455,0.0039051262349907487,nan,0.003655216602015665,0.0,0.0,0.0,0.0,0.9608712834069604,0.0004967549888302166,1,0.7784284105096191,0.022787437421073514,0.011920953056130834,0.01086648436494268
medium,full_light_geometry,full_light_geometry,25,980025,collision,False,True,False,6,-302.18088919962446,0.04881950795971373,0.0475067424547595,0.04642853466911445,0.007980077632077785,nan,0.007980077632077785,0.0,0.8333333333333334,0.8333333333333334,0.8333333333333334,1.109247823820863,0.0006112568784572839,0,0.8188860364559645,0.021745290127733193,0.011696313485183197,0.010048976642549995
medium,full_light_geometry,full_light_geometry,26,980026,collision,False,True,False,20,-270.14500849303687,0.024489994258980977,0.049045050660104894,0.022554918798236998,0.0038258322833809367,0.006001613900372877,0.0038401491846742058,0.15,0.0,0.0,0.25,1.1363068234989415,0.00016410866679378576,2,0.8708691641627235,0.02328860813724963,0.011674797094540378,0.011613811042709253
medium,full_light_geometry,full_light_geometry,27,980027,success,True,False,False,11,132.06961839161175,0.00422586180352038,0.006616667575319091,0.008658182918222509,0.004526282416657908,0.004526282416657908,nan,1.0,0.0,nan,nan,0.9765755605497272,8.07554019688208e-06,1,0.9497996221044193,0.023194350163223187,0.011892827469264483,0.011301522693958704
medium,full_light_geometry,full_light_geometry,28,980028,success,True,False,False,12,138.30976535058258,0.004977038025512307,0.006947710166263166,0.0032771441461253363,0.006955160740790043,0.006955160740790043,nan,1.0,0.3333333333333333,nan,nan,0.8916270395772501,0.00031781072226440017,0,0.8778763895643751,0.02300387936111625,0.011572097783887628,0.011431781577228621
medium,full_light_geometry,full_light_geometry,29,980029,success,True,False,False,18,135.66946024060152,0.004523038625150716,0.007926178584942045,0.003703383982607188,0.004954065731356419,0.005396012955299924,nan,0.8333333333333334,0.1111111111111111,nan,nan,0.8796976905006261,0.0005127781731197076,1,0.9689763642857038,0.02204690459002428,0.01188953731613642,0.010157367273887859
medium,full_light_geometry,full_light_geometry,30,980030,success,True,False,False,11,134.4114209374428,0.0016453722352785393,0.005579401878914925,0.0027166368402466072,0.004489363147893708,0.004305107196690995,nan,0.7272727272727273,0.0,nan,nan,1.0952146875217088,0.00016781553282012621,0,0.661705084837836,0.02381512817788599,0.011508890819013247,0.012306237358872742
medium,full_light_geometry,full_light_geometry,31,980031,success,True,False,False,20,130.190020310258,0.002594521223800569,0.00837133073791585,0.0018081005681985906,0.004490305168546065,0.004812896786258984,nan,0.8,0.2,nan,nan,1.0274235456492384,0.00017725418239935965,1,0.727526382504679,0.020600685828508915,0.012312957725078025,0.00828772810343089
medium,full_light_geometry,full_light_geometry,32,980032,success,True,False,False,23,136.4289129309792,0.004114951121706751,0.007834485722027495,0.002474149369253075,0.006491731590192948,0.006491731590192948,nan,1.0,0.17391304347826086,nan,nan,1.1888008743576517,5.272521578659424e-05,1,0.6307677429044861,0.02189091461064349,0.011805321395887025,0.010085593214756466
medium,full_light_geometry,full_light_geometry,33,980033,collision,False,True,False,199,11.93112154181847,0.021438071463032157,0.07573986050265602,0.002259656586820466,0.0074985678290985965,0.007640493218660176,0.003054020425588241,0.9597989949748744,0.2562814070351759,0.0,0.0,1.0775041887112193,0.0006996591849209431,0,0.9077952092000046,0.022610635262348792,0.012095772462966023,0.01051486279938277
medium,full_light_geometry,full_light_geometry,34,980034,success,True,False,False,22,128.23730945763128,0.001007988772438565,0.008541885319769627,0.003800025368320849,0.004525296661843905,0.005079397931668027,nan,0.8181818181818182,0.045454545454545456,nan,nan,1.0779666918403517,0.0004014477134571497,2,0.8202355366522452,0.020373281780406018,0.01199833168260318,0.008374950097802838
medium,full_light_geometry,full_light_geometry,35,980035,collision,False,True,False,10,-316.1000532161387,0.08864265943795287,0.004713274462690875,0.057595723176065705,0.01057259877103064,nan,0.011535927022805885,0.0,0.7,0.875,0.875,1.1651399602304737,0.0003865002376722339,1,0.7453178250922993,0.023389832350599216,0.01161390751867937,0.011775924831919846
medium,full_light_geometry,full_light_geometry,36,980036,collision,False,True,False,7,-290.99933193743647,0.028811006607211215,0.049140568234906534,0.03115408598144958,0.0027802928125984375,nan,0.0027802928125984375,0.0,0.0,0.0,0.0,1.067167792840727,0.00020699078240254558,2,0.5663223826402664,0.02095807535557014,0.011798158007801948,0.009159917347768191
medium,full_light_geometry,full_light_geometry,37,980037,collision,False,True,False,7,-289.9072586885179,0.03590913275250912,0.04964094972867694,0.04618301197361238,0.001694355818719791,nan,0.001694355818719791,0.0,0.0,0.0,0.0,0.8594597262743157,0.0005218015175078788,2,0.9503181649441431,0.02023201623745401,0.01215284531322046,0.00807917092423355
medium,full_light_geometry,full_light_geometry,38,980038,success,True,False,False,21,146.6348832946471,0.0041511243536065815,0.00915473866713079,0.0027108273324083585,0.005235624898318333,0.006014009930390736,nan,0.7142857142857143,0.047619047619047616,nan,nan,1.1993201518860213,0.0003153509502348481,0,0.5883575006979778,0.023285982404272,0.01195294397117188,0.011333038433100122
medium,full_light_geometry,full_light_geometry,39,980039,success,True,False,False,33,150.62280405232278,0.004313537502020408,0.008050037005176813,0.0016590798808594283,0.005109272526890447,0.006079176329262042,nan,0.7878787878787878,0.21212121212121213,nan,nan,1.1740101844820723,0.0001828756010079795,2,0.9898395843414833,0.021974364082476674,0.012199247152632122,0.009775116929844552
medium,full_light_geometry,full_light_geometry,40,980040,success,True,False,False,23,158.06575049864105,0.004839426423988481,0.008987932477266591,0.005188111824502653,0.005395872754523419,0.006657287195803363,nan,0.6956521739130435,0.13043478260869565,nan,nan,1.1973978856815122,0.00012270593928973703,0,0.6541559108697395,0.022941771032897185,0.012274970900680289,0.010666800132216896
medium,full_light_geometry,full_light_geometry,41,980041,collision,False,True,False,11,-288.62248807231657,0.052594452850452514,0.049319877132823486,0.05095478215339228,0.004026171002474496,nan,0.004075756220207215,0.0,0.0,0.0,0.0,1.0814445742465286,1.0790072670905816e-05,1,0.6603356503044072,0.021136319313985425,0.011663029357817375,0.00947328995616805
medium,full_light_geometry,full_light_geometry,42,980042,success,True,False,False,20,131.01005244877655,0.0036316993180421967,0.006788962760098327,0.003219678898036732,0.005010102688315503,0.0056686999678889115,nan,0.75,0.1,nan,nan,0.8778833927084094,0.000519994902729753,1,0.9342894079459845,0.020619237754197564,0.01165467962015106,0.008964558134046504
medium,full_light_geometry,full_light_geometry,43,980043,success,True,False,False,18,159.98888166932426,0.002819742444687536,0.007845377298856593,0.0060826309271161845,0.006231220124681528,0.006822501230598072,nan,0.7777777777777778,0.2222222222222222,nan,nan,1.129030238793521,0.0001347027909609409,0,0.6803767377608063,0.02143829181317292,0.011936052168377925,0.009502239644794994
medium,full_light_geometry,full_light_geometry,44,980044,success,True,False,False,30,135.93887627548784,0.004949896697046381,0.00796031507577133,0.00251527023716328,0.005211529596465472,0.0056682686666876085,nan,0.8333333333333334,0.3,nan,nan,1.0661753681983708,0.0006658681050774844,2,0.8808405516119914,0.02109454945393993,0.012080875521083662,0.00901367393285627
medium,full_light_geometry,full_light_geometry,45,980045,collision,False,True,False,8,-291.04413926262515,0.021441377863909674,0.04786287308558124,0.0070807248846634545,0.004324573714059041,0.005290957421800812,0.004324573714059041,0.5,0.0,0.0,0.0,1.1211334953037764,0.00044303457314553215,0,0.6740141848623806,0.022673266930949537,0.012036320689222212,0.010636946241727325
medium,full_light_geometry,full_light_geometry,46,980046,success,True,False,False,29,160.5439573261761,0.004501960154217107,0.007881299871916547,0.004884634335593965,0.005691023922364488,0.00675383399787823,nan,0.7931034482758621,0.2413793103448276,nan,nan,1.0490742402248043,9.39941936695993e-05,1,0.637113881912747,0.02169987119362431,0.01179012301812185,0.00990974817550246
medium,full_light_geometry,full_light_geometry,47,980047,success,True,False,False,28,151.84931683365144,0.0026045623027707446,0.00818692503211238,0.004489420529012605,0.005618874935672868,0.00617356037394688,nan,0.8214285714285714,0.10714285714285714,nan,nan,0.9272879658703056,0.0007954086785098952,1,0.8105200528730379,0.021771283020491573,0.012268431046870573,0.009502851973621
medium,full_light_geometry,full_light_geometry,48,980048,collision,False,True,False,13,-282.0397408524067,0.024886768323771843,0.049577640042347215,0.021195977300414035,0.0030658665558548144,0.003534044112363141,0.0025089285320568024,0.6153846153846154,0.0,0.0,0.0,0.9873888492644395,0.0004730707445546191,2,0.5667365553507956,0.021077467349331774,0.011895083404592579,0.009182383944739195
medium,full_light_geometry,full_light_geometry,49,980049,collision,False,True,False,9,-291.7198903626042,0.02435931721236897,0.04926292391174192,0.008394710481260765,0.004290533249073362,0.0063291275804162215,0.004422587130387709,0.3333333333333333,0.0,0.0,0.0,1.1043604746200444,0.0004025964889205185,1,0.757230673027379,0.021922837341220826,0.012006210235503308,0.009916627105717519
medium,hard_full_light_bucket,full_light_geometry,0,980000,success,True,False,False,44,174.5659001225904,0.0017774963324203982,0.008482341917490754,0.005567814302446664,0.005930601727543241,0.005930601727543241,nan,1.0,0.20454545454545456,nan,nan,1.0229093396305355,1.6942753172080162e-05,2,0.6758794216303016,0.023849469489113984,0.012479478080418216,0.011369991408695768
medium,hard_full_light_bucket,full_light_geometry,1,980001,collision,False,True,False,7,-290.6153148097941,0.031084986851456924,0.04889848024578225,0.037868315695709524,0.0011894445916189606,nan,0.0011894445916189606,0.0,0.0,0.0,0.0,0.906864621513919,0.00023703063695929322,2,0.5790927402963306,0.021724722057381556,0.01203270652967709,0.009692015527704467
medium,hard_full_light_bucket,full_light_geometry,2,980002,success,True,False,False,28,138.49683664868297,0.00441749007747917,0.007679702102981301,0.0005686741895295397,0.004444028978656515,0.004444028978656515,nan,1.0,0.10714285714285714,nan,nan,0.801800592359082,8.817491165196415e-05,2,0.6053946064427899,0.02176030884381095,0.011656369047250342,0.010103939796560608
medium,hard_full_light_bucket,full_light_geometry,3,980003,success,True,False,False,31,161.59161460109163,0.004253865508058373,0.00781241268235755,0.005351155276708131,0.006168565845660046,0.006168565845660046,nan,1.0,0.1935483870967742,nan,nan,0.8457734063549246,0.00010575335299335067,2,0.61325054797392,0.02221221923593152,0.011862430326910662,0.010349788909020857
medium,hard_full_light_bucket,full_light_geometry,4,980004,success,True,False,False,13,122.11723374816789,0.004829414015280176,0.006779700337709582,0.0027262012034859717,0.0038366023611317857,0.0038366023611317857,nan,1.0,0.07692307692307693,nan,nan,0.8765309460970644,0.00022108420253947662,2,0.5589722503395853,0.020672180756503285,0.012264773429819244,0.008407407326684041
medium,hard_full_light_bucket,full_light_geometry,5,980005,success,True,False,False,39,160.4262555703562,0.0039294668742961315,0.00792443001061971,0.0010250003881182408,0.006003443079480558,0.006003443079480558,nan,1.0,0.1282051282051282,nan,nan,0.8909644152839232,7.173172041036927e-05,2,0.6047026627983129,0.02180362467570226,0.011942720007308125,0.009860904668394134
medium,hard_full_light_bucket,full_light_geometry,6,980006,collision,False,True,False,7,-289.18169957085445,0.03949543294370728,0.04921947166167684,0.0463363212104258,0.002043511251145839,nan,0.002043511251145839,0.0,0.0,0.0,0.0,1.0699704717914518,0.00010429957032119958,2,0.5519019351370662,0.02345688239790964,0.012237233279265118,0.011219649118644523
medium,hard_full_light_bucket,full_light_geometry,7,980007,timeout,False,False,True,200,140.0805088063133,0.014792564195647775,0.024669417740096344,0.00639424627738534,0.008226580797044102,0.008226580797044102,0.009927789054568679,1.0,0.555,1.0,0.0,0.9308368720825453,5.2976060675675925e-05,2,0.6707977882295184,0.023208412633358665,0.012293963519023466,0.010914449114335199
medium,hard_full_light_bucket,full_light_geometry,8,980008,collision,False,True,False,7,-292.31222310121774,0.021565286057353583,0.0486249716689664,0.026348228657245714,0.0029691468709891586,0.006420502806896455,0.0029691468709891586,0.14285714285714285,0.0,0.0,0.14285714285714285,0.8125199617421598,0.0001921031688142057,2,0.6989181486142207,0.02132127431800842,0.011789861307952577,0.009531413010055842
medium,hard_full_light_bucket,full_light_geometry,9,980009,collision,False,True,False,7,-291.52008107709,0.028899202188447114,0.04827825367068417,0.03413240822831495,0.0017363278178338458,nan,0.0017363278178338458,0.0,0.0,0.0,0.0,0.8277527403236441,0.00024681038713689126,2,0.6333671840860361,0.023970107435123737,0.01154908839888226,0.012421019036241477
medium,hard_full_light_bucket,full_light_geometry,10,980010,success,True,False,False,18,127.74072461285246,0.002899264833346127,0.0068001358334145445,0.006569418727477397,0.004573118236731081,0.004573118236731081,nan,1.0,0.0,nan,nan,0.9831393030057254,6.171488534437358e-06,2,0.6393162031253864,0.022425258696592662,0.011722178577578148,0.010703080119014514
medium,hard_full_light_bucket,full_light_geometry,11,980011,collision,False,True,False,7,-290.54335027062257,0.03909094770143665,0.04836176601423969,0.04476163148358649,0.0016623317528145047,nan,0.0016623317528145047,0.0,0.0,0.0,0.0,0.8478450489071468,0.00022230753559440876,2,0.6222426208768631,0.021690795633281208,0.011624307167362728,0.01006648846591848
medium,hard_full_light_bucket,full_light_geometry,12,980012,success,True,False,False,20,128.38430862140353,0.00420985210381781,0.007991982429521594,0.004547910600962528,0.00482717812767869,0.005014046104931157,nan,0.8,0.0,nan,nan,0.9669358941941933,0.00020978876007306574,2,0.5859049100578199,0.023048571340213004,0.012056637334332139,0.010991934005880865
medium,hard_full_light_bucket,full_light_geometry,13,980013,collision,False,True,False,6,-299.751122128868,0.03976766847352904,0.048203030251607104,0.040994824922906535,0.006388121681288794,nan,0.006388121681288794,0.0,0.16666666666666666,0.16666666666666666,0.0,0.9394515395714433,9.592132318073523e-05,2,0.6118270264089134,0.022181313419121183,0.011782081665146257,0.010399231753974926
medium,hard_full_light_bucket,full_light_geometry,14,980014,success,True,False,False,23,150.1512830973565,0.0033404809925457798,0.00970143027817516,0.006308791297338694,0.005544787527039238,0.0068345497751789285,nan,0.7391304347826086,0.13043478260869565,nan,nan,1.0085120802980847,0.0002142168103807526,2,0.6804004089299114,0.022375815360066813,0.012370093958332495,0.010005721401734318
medium,hard_full_light_bucket,full_light_geometry,15,980015,collision,False,True,False,6,-300.7543457381618,0.03907874436240742,0.04781630205434573,0.03737240578629198,0.006871933336150867,nan,0.006871933336150867,0.0,0.0,0.0,0.3333333333333333,0.9333468777607875,0.0002107449165239319,2,0.6767992299855987,0.02080085756102028,0.011687185896821144,0.009113671664199137
medium,hard_full_light_bucket,full_light_geometry,16,980016,collision,False,True,False,7,-295.0070031297459,0.039683086665278304,0.0491996288030111,0.027708313573632643,0.0029696025446237875,0.002833555572510834,0.0029696025446237875,0.7142857142857143,0.0,0.0,0.0,0.9954078344904496,3.014374225562419e-05,2,0.615150781297805,0.020560383493744984,0.011549503332569737,0.009010880161175247
medium,hard_full_light_bucket,full_light_geometry,17,980017,success,True,False,False,32,153.38552101638635,0.0043947347076032615,0.007849316704157117,0.00472656235007258,0.005276068188756561,0.005697178862859463,nan,0.8125,0.0625,nan,nan,1.0800908047557762,4.412862674648416e-05,2,0.6846125744289302,0.02275968665182716,0.011627836129100337,0.011131850522726822
medium,hard_full_light_bucket,full_light_geometry,18,980018,success,True,False,False,46,170.84469058228788,0.0049198778050184985,0.00965035428875316,0.0005782740827764642,0.004929372247027935,0.005858063990046014,nan,0.717391304347826,0.10869565217391304,nan,nan,1.0064979799981266,0.00017395854179579789,2,0.6389977637985503,0.02181558524640568,0.011920888869161102,0.009894696377244577
medium,hard_full_light_bucket,full_light_geometry,19,980019,collision,False,True,False,6,-294.0747120812687,0.03480311189853177,0.04895467974589407,0.03989940534566203,0.00329973455912741,nan,0.00329973455912741,0.0,0.0,0.0,0.0,0.917512219902967,0.00010720472398326173,2,0.584007660491763,0.023196454828973666,0.011642721338913392,0.011553733490060274
medium,hard_full_light_bucket,full_light_geometry,20,980020,timeout,False,False,True,200,83.22966775076212,0.009783589763867262,0.009470134456607604,0.00501756326953421,0.00809603037695451,0.00809603037695451,0.010499732054499476,1.0,0.755,1.0,0.125,1.036701109868377,7.17338586146025e-05,2,0.5684135743415181,0.020724082034156342,0.012420934597534268,0.008303147436622074
medium,hard_full_light_bucket,full_light_geometry,21,980021,collision,False,True,False,6,-296.9898373111829,0.07017472201137728,0.049607543964522605,0.07760883685958317,0.003750428963527659,nan,0.003750428963527659,0.0,0.0,0.0,0.0,0.8064595683256164,7.564690210817213e-05,2,0.6242130487750875,0.020843679629444438,0.012324953718160957,0.00851872591128348
medium,hard_full_light_bucket,full_light_geometry,22,980022,success,True,False,False,19,126.72125148925606,0.004880783952492396,0.008000012486198638,0.0002835237297004929,0.004340972698408644,0.004340972698408644,nan,1.0,0.21052631578947367,nan,nan,0.8959344188628202,8.319556111495461e-05,2,0.6213043050365187,0.020744557921555655,0.01202314576365782,0.008721412157897835
medium,hard_full_light_bucket,full_light_geometry,23,980023,collision,False,True,False,7,-304.82351337952645,0.02000837036710908,0.04772649962676789,0.0024700861702860472,0.0038080629457225767,0.0038080629457225767,0.0038080629457225767,1.0,0.0,0.0,0.0,0.952270365545895,0.00013775824369464972,2,0.625469348364993,0.020104411166331073,0.011575199608635709,0.008529211557695364
medium,hard_full_light_bucket,full_light_geometry,24,980024,collision,False,True,False,11,-292.24758253466763,0.060857127847841835,0.02947161570641066,0.06337369334925286,0.0043383496694839995,nan,0.0038647006396793264,0.0,0.0,0.0,0.0,0.9206534625552203,0.00015523593400944266,2,0.5584323902155853,0.023869587102697876,0.012196859355268378,0.011672727747429498
medium,hard_full_light_bucket,full_light_geometry,25,980025,collision,False,True,False,6,-299.9502170420764,0.045826341107195544,0.04778080898126669,0.045662011032309026,0.006228138583713047,nan,0.006228138583713047,0.0,0.0,0.0,0.5,1.0319358678656474,0.00019101777451790123,2,0.6754985364518985,0.02365630926168813,0.011936322531933299,0.011719986729754831
medium,hard_full_light_bucket,full_light_geometry,26,980026,collision,False,True,False,17,-278.55378903973445,0.03266634573789441,0.04988805845868971,0.03337932968819618,0.003985131426624681,nan,0.005052932020714841,0.0,0.0,0.0,0.375,1.0522301176242062,5.128395837305805e-05,2,0.6599421875741108,0.02282729944032356,0.012322152034312408,0.010505147406011153
medium,hard_full_light_bucket,full_light_geometry,27,980027,success,True,False,False,36,154.62982930058138,0.004998255304407132,0.008250393147697155,0.005211358452386686,0.005727539162773559,0.005727539162773559,nan,1.0,0.1388888888888889,nan,nan,0.9324316704122955,2.5236063115256504e-06,2,0.6978195420620973,0.02379593014556908,0.012298587540805797,0.011497342604763284
medium,hard_full_light_bucket,full_light_geometry,28,980028,success,True,False,False,18,124.97811816110548,0.00403649152224205,0.008351444695844812,0.0038064748199447803,0.0051203663543042755,0.0051203663543042755,nan,1.0,0.05555555555555555,nan,nan,0.8687202796829376,9.931585070762505e-05,2,0.5980667535279616,0.020360752466874948,0.012250969840279062,0.008109782626595886
medium,hard_full_light_bucket,full_light_geometry,29,980029,success,True,False,False,18,132.93559451446217,0.004554310672192415,0.008028659550154194,0.005130710707095055,0.004676662813177297,0.0048036693972597745,nan,0.7777777777777778,0.05555555555555555,nan,nan,0.8597732678754696,0.0001602431790999086,2,0.691655694820683,0.02361970890736343,0.01201172614750607,0.01160798275985736
medium,hard_full_light_bucket,full_light_geometry,30,980030,collision,False,True,False,8,-289.48650258294197,0.020204745830427473,0.049738507208450855,0.013458015725140268,0.003206344151767818,0.00491183458237748,0.003206344151767818,0.375,0.0,0.0,0.0,1.0214110156412817,5.244235400628944e-05,2,0.5736587519319751,0.021229366344704785,0.012453782044471498,0.008775584300233287
medium,hard_full_light_bucket,full_light_geometry,31,980031,success,True,False,False,19,132.22852402778727,0.0039476812811611375,0.006715724857856986,0.0046867323019539366,0.005056610134698138,0.005344388506328954,nan,0.7894736842105263,0.15789473684210525,nan,nan,0.9705676592369289,5.5391931999799885e-05,2,0.6496579494747029,0.02238998618608236,0.011650171457127228,0.010739814728955131
medium,hard_full_light_bucket,full_light_geometry,32,980032,collision,False,True,False,6,-296.18569848607825,0.02625883121282517,0.0483324033076139,0.025559966426703887,0.0026414084817404163,0.0026414084817404163,0.0026414084817404163,1.0,0.0,0.0,0.0,1.091600655768239,1.64766299333107e-05,2,0.626322306602547,0.023207406045257693,0.011972728652660873,0.01123467739259682
medium,hard_full_light_bucket,full_light_geometry,33,980033,collision,False,True,False,6,-298.983078630976,0.04338354159391365,0.0500330168987303,0.044173658072018694,0.004673276785658755,nan,0.004673276785658755,0.0,0.0,0.0,0.0,1.0081281415334145,0.0002186434952877947,2,0.6120354238855863,0.02363128548606856,0.012152658815587199,0.01147862667048136
medium,hard_full_light_bucket,full_light_geometry,34,980034,success,True,False,False,24,148.21377070317715,0.0036365686186076874,0.007503366239825837,0.002292056829469381,0.005340978171193683,0.006134011445222627,nan,0.7916666666666666,0.125,nan,nan,1.0084750188802638,0.00012545241045535928,2,0.6449748184165208,0.02271012906460529,0.011593320445101505,0.011116808619503784
medium,hard_full_light_bucket,full_light_geometry,35,980035,collision,False,True,False,8,-302.65542627376374,0.062400803833955715,0.038840864367875705,0.05518873014640843,0.007071045863516317,nan,0.007071045863516317,0.0,0.125,0.125,0.125,1.0738549701728555,0.0001207813242725731,2,0.6891384553161833,0.023028667866061454,0.012347458087649804,0.01068120977841165
medium,hard_full_light_bucket,full_light_geometry,36,980036,collision,False,True,False,7,-292.3499141675518,0.03142955554430622,0.04856029484384705,0.03170209002222264,0.0026841354396495132,nan,0.0026841354396495132,0.0,0.0,0.0,0.0,1.0003758446305455,6.468461950079549e-05,2,0.5654911730717865,0.021641191300389294,0.011739518838892534,0.00990167246149676
medium,hard_full_light_bucket,full_light_geometry,37,980037,collision,False,True,False,7,-291.1471086039578,0.0417759573304023,0.048527664606843324,0.04842766538102392,0.0013533529285015816,nan,0.0013533529285015816,0.0,0.0,0.0,0.0,0.8445947947057367,0.00016306297422121214,2,0.6883165864565219,0.02273826795276763,0.011558004059363502,0.01118026389340413
medium,hard_full_light_bucket,full_light_geometry,38,980038,collision,False,True,False,7,-289.37280136684296,0.03802516736457375,0.04935700404943333,0.045263273862141455,0.0025090286614426103,nan,0.0025090286614426103,0.0,0.0,0.0,0.0,1.099490113914516,9.854717194839002e-05,2,0.6553978880017972,0.022638005221398222,0.012321495601068001,0.010316509620330221
medium,hard_full_light_bucket,full_light_geometry,39,980039,success,True,False,False,20,132.3882277207371,0.003627880703516067,0.006410450193903072,0.0019572413109499257,0.0036020422484038424,0.004720420225815402,nan,0.65,0.15,nan,nan,1.0805076383615544,5.7148625314993595e-05,2,0.6973887869881528,0.023152719168166892,0.01199359102061917,0.011159128147547723
medium,hard_full_light_bucket,full_light_geometry,40,980040,collision,False,True,False,6,-294.96762339757436,0.05742218999894589,0.04972585559300724,0.06723892240479723,0.0026717337439769316,nan,0.0026717337439769316,0.0,0.0,0.0,0.0,1.0980484142611342,3.8345606028042826e-05,2,0.6160294246705258,0.02010109038902792,0.012235442758224297,0.007865647630803623
medium,hard_full_light_bucket,full_light_geometry,41,980041,collision,False,True,False,7,-295.1114819141459,0.05712155795451069,0.04815586097632463,0.06218063662384517,0.0043224094860096355,nan,0.0043224094860096355,0.0,0.0,0.0,0.0,1.0110834306848966,3.371897709658067e-06,2,0.5549034956569806,0.0213414229389724,0.011784079828496356,0.009557343110476043
medium,hard_full_light_bucket,full_light_geometry,42,980042,success,True,False,False,27,138.9358477178747,0.0033988153436043883,0.007689307083214247,0.001425312391297287,0.004626492663185841,0.005029329013853982,nan,0.7777777777777778,0.07407407407407407,nan,nan,0.8584125445313071,0.0001624984071030478,2,0.6450502730264219,0.021391713209547657,0.011654809438549392,0.009736903770998265
medium,hard_full_light_bucket,full_light_geometry,43,980043,collision,False,True,False,7,-291.2391086688804,0.030828805692717013,0.0493657342804541,0.032258172475076556,0.0029860924668438063,nan,0.0029860924668438063,0.0,0.0,0.0,0.0,1.0467726790951408,4.2094622175294026e-05,2,0.6696794572502689,0.023038915212470923,0.01185957295329323,0.011179342259177693
medium,hard_full_light_bucket,full_light_geometry,44,980044,success,True,False,False,51,182.9365621959289,0.004814261313773373,0.00781561771456818,0.002497298133404339,0.006938161519024053,0.007440576131965014,nan,0.9019607843137255,0.5686274509803921,nan,nan,0.9996315261487783,0.00020808378283671388,2,0.6073596084579034,0.02070784958775685,0.011773637363484983,0.008934212224271867
medium,hard_full_light_bucket,full_light_geometry,45,980045,success,True,False,False,20,141.64050993480254,0.0038337701368533154,0.009536004397824205,0.002211629837298957,0.005025390342693647,0.0057037428959415375,nan,0.75,0.15,nan,nan,1.0408501214778323,0.0001384483041079788,2,0.6142484670434508,0.022524471930650134,0.012168316732737385,0.01035615519791275
medium,hard_full_light_bucket,full_light_geometry,46,980046,collision,False,True,False,7,-288.9292043797424,0.03354174985992429,0.04946043841036718,0.03804065418309266,0.0014767992672809489,nan,0.0014767992672809489,0.0,0.0,0.0,0.0,0.9868056801686034,2.937318552174978e-05,2,0.6431257241812653,0.02176827395871942,0.011924967798406077,0.009843306160313344
medium,hard_full_light_bucket,full_light_geometry,47,980047,collision,False,True,False,6,-295.73677476817363,0.028319067174010122,0.047738889403438844,0.03477227210471393,0.0035425896164992983,nan,0.0035425896164992983,0.0,0.0,0.0,0.16666666666666666,0.8954659744027292,0.00024856521203434225,2,0.6009690933320467,0.022518174521813025,0.011942820755122893,0.010575353766690132
medium,hard_full_light_bucket,full_light_geometry,48,980048,collision,False,True,False,6,-297.9612891238739,0.026962971952503224,0.048941948451124206,0.01948432613252184,0.0039929986144056585,0.0039929986144056585,0.0039929986144056585,1.0,0.0,0.0,0.0,0.9405416369483297,0.00014783460767331847,2,0.6257644847784616,0.02346699108096656,0.011769366837332944,0.011697624243633615
medium,hard_full_light_bucket,full_light_geometry,49,980049,collision,False,True,False,10,-290.419961421965,0.020115356861799674,0.04086648861550124,0.005696685941226647,0.00385515657534462,0.004825932679228934,0.004051433008349666,0.4,0.0,0.0,0.0,1.0282703559650335,0.00012581140278766203,2,0.6725793896307172,0.02371349465370034,0.011980709335305206,0.011732785318395132
