episode,step,reward,episode_return,terminated,truncated,guard_enabled,guard_active,guard_should_activate,guard_can_activate,guard_activated,guard_down_blocked,guard_steps_since_reset,guard_min_policy_steps,guard_dist_xy,guard_z_above_target,success,collision,dist_xy,dist_z,shaped_distance,desired_z,control_action_scale_multiplier,control_action_noise_std,control_action_delay,control_action_filter_alpha,fixture_height_offset,table_height_offset,hole_half_size,peg_radius,contact_friction_multiplier,contact_solref_time_multiplier,contact_solref_damping_multiplier,contact_solimp_width_multiplier,joint_damping_multiplier,actuator_kp_multiplier,target_x,target_y,target_z,peg_tip_x,peg_tip_y,peg_tip_z,policy_action_x,policy_action_y,policy_action_z,guarded_action_x,guarded_action_y,guarded_action_z,final_action_x,final_action_y,final_action_z,commanded_action_x,commanded_action_y,commanded_action_z,applied_action_x,applied_action_y,applied_action_z,hole_center_offset_0,hole_center_offset_1
1,0,0.0,0.0,False,False,True,False,False,False,False,False,-1,0,nan,nan,False,False,0.11041402948132467,0.10216666761989457,0.23866139134275477,0.77,1.0,0.0,0,1.0,0.0,0.0,0.02,0.012,1.0,1.0,1.0,1.0,1.0,1.0,0.5830242037773132,0.08472906053066254,0.6499999761581421,0.6085711717605591,0.19214697182178497,0.7521666884422302,0.0,0.0,0.0,nan,nan,nan,0.0,0.0,0.0,0.0,0.0,0.0,0.0,0.0,0.0,0.0,0.0
1,1,0.6739528220100068,0.6739528220100068,False,False,True,False,False,True,False,False,0,0,0.11041402948132467,0.10216671228408813,False,False,0.11005701588292412,0.1011773985906459,0.23893663317520233,0.77,1.0,0.0,0,1.0,0.0,0.0,0.02,0.012,1.0,1.0,1.0,1.0,1.0,1.0,0.5830242037773132,0.08472906053066254,0.6499999761581421,0.6083506345748901,0.19183236360549927,0.7511773705482483,0.00034565944224596024,-0.0033657131716609,-0.0013532678131014109,nan,nan,nan,0.00034565944224596024,-0.0033657131716609,-0.0013532678131014109,0.00034565944224596024,-0.0033657131716609,-0.0013532678131014109,0.00034565944224596024,-0.0033657131716609,-0.0013532678131014109,0.0,0.0
1,2,0.6107863296783322,1.284739151688339,False,False,True,False,False,True,False,False,1,0,0.11005701588292412,0.1011773943901062,False,False,0.10961431435190996,0.09996851338303192,0.239260115320788,0.77,1.0,0.0,0,1.0,0.0,0.0,0.02,0.012,1.0,1.0,1.0,1.0,1.0,1.0,0.5830242037773132,0.08472906053066254,0.6499999761581421,0.608143150806427,0.19142647087574005,0.7499685287475586,0.0006325994618237019,-0.0033442487474530935,-0.0016210388857871294,nan,nan,nan,0.0006325994618237019,-0.0033442487474530935,-0.0016210388857871294,0.0006325994618237019,-0.0033442487474530935,-0.0016210388857871294,0.0006325994618237019,-0.0033442487474530935,-0.0016210388857871294,0.0,0.0
1,3,0.5031838659419613,1.7879230176303005,False,False,True,False,False,True,False,False,2,0,0.10961431435190996,0.0999685525894165,False,False,0.10919710081852486,0.0987915347507421,0.23960266688630763,0.77,1.0,0.0,0,1.0,0.0,0.0,0.02,0.012,1.0,1.0,1.0,1.0,1.0,1.0,0.5830242037773132,0.08472906053066254,0.6499999761581421,0.6079581379890442,0.19104136526584625,0.748791515827179,0.0008780802600085735,-0.0030114410910755396,-0.0009435922838747501,nan,nan,nan,0.0008780802600085735,-0.0030114410910755396,-0.0009435922838747501,0.0008780802600085735,-0.0030114410910755396,-0.0009435922838747501,0.0008780802600085735,-0.0030114410910755396,-0.0009435922838747501,0.0,0.0
1,4,0.5560552802189338,2.343978297849234,False,False,True,False,False,True,False,False,3,0,0.10919710081852486,0.09879153966903687,False,False,0.10876746804839107,0.09760088823028645,0.2399340478664957,0.77,1.0,0.0,0,1.0,0.0,0.0,0.02,0.012,1.0,1.0,1.0,1.0,1.0,1.0,0.5830242037773132,0.08472906053066254,0.6499999761581421,0.6077328324317932,0.19065283238887787,0.7476009130477905,0.0003200862556695938,-0.0031382690649479628,-0.0014246015343815088,nan,nan,nan,0.0003200862556695938,-0.0031382690649479628,-0.0014246015343815088,0.0003200862556695938,-0.0031382690649479628,-0.0014246015343815088,0.0003200862556695938,-0.0031382690649479628,-0.0014246015343815088,0.0,0.0
1,5,0.48840072327628714,2.8323790211255213,False,False,True,False,False,True,False,False,4,0,0.10876746804839107,0.09760093688964844,False,False,0.10833320768923216,0.09634649680184271,0.2403199185766216,0.77,1.0,0.0,0,1.0,0.0,0.0,0.02,0.012,1.0,1.0,1.0,1.0,1.0,1.0,0.5830242037773132,0.08472906053066254,0.6499999761581421,0.6074885129928589,0.1902638077735901,0.7463464736938477,0.0002093035727739334,-0.0031539746560156345,-0.0022727756295353174,nan,nan,nan,0.0002093035727739334,-0.0031539746560156345,-0.0022727756295353174,0.0002093035727739334,-0.0031539746560156345,-0.0022727756295353174,0.0002093035727739334,-0.0031539746560156345,-0.0022727756295353174,0.0,0.0
1,6,0.6460193063553489,3.4783983274808703,False,False,True,False,False,True,False,False,5,0,0.10833320768923216,0.09634649753570557,False,False,0.1078583671142575,0.09506466203017494,0.24065207219834006,0.77,1.0,0.0,0,1.0,0.0,0.0,0.02,0.012,1.0,1.0,1.0,1.0,1.0,1.0,0.5830242037773132,0.08472906053066254,0.6499999761581421,0.6071739792823792,0.18984906375408173,0.7450646758079529,-0.0006129760295152664,-0.003399619832634926,-0.0022103332448750734,nan,nan,nan,-0.0006129760295152664,-0.003399619832634926,-0.0022103332448750734,-0.0006129760295152664,-0.003399619832634926,-0.0022103332448750734,-0.0006129760295152664,-0.003399619832634926,-0.0022103332448750734,0.0,0.0
1,7,0.5983409327694591,4.07673926025033,False,False,True,False,False,True,False,False,6,0,0.1078583671142575,0.09506469964981079,False,False,0.10739001903456555,0.09380150266249743,0.24097853540663366,0.77,1.0,0.0,0,1.0,0.0,0.0,0.02,0.012,1.0,1.0,1.0,1.0,1.0,1.0,0.5830242037773132,0.08472906053066254,0.6499999761581421,0.6068799495697021,0.18943588435649872,0.743801474571228,-0.00014397455379366875,-0.0033891689963638783,-0.002090062480419874,nan,nan,nan,-0.00014397455379366875,-0.0033891689963638783,-0.002090062480419874,-0.00014397455379366875,-0.0033891689963638783,-0.002090062480419874,-0.00014397455379366875,-0.0033891689963638783,-0.002090062480419874,0.0,0.0
1,8,0.45807752807763363,4.534816788327963,False,False,True,False,False,True,False,False,7,0,0.10739001903456555,0.09380149841308594,False,False,0.10695586996868113,0.09257849864838708,0.24133324128897518,0.77,1.0,0.0,0,1.0,0.0,0.0,0.02,0.012,1.0,1.0,1.0,1.0,1.0,1.0,0.5830242037773132,0.08472906053066254,0.6499999761581421,0.6066044569015503,0.18905320763587952,0.7425785064697266,-2.108607441186905e-05,-0.002931789727881551,-0.0015166820958256721,nan,nan,nan,-2.108607441186905e-05,-0.002931789727881551,-0.0015166820958256721,-2.108607441186905e-05,-0.002931789727881551,-0.0015166820958256721,-2.108607441186905e-05,-0.002931789727881551,-0.0015166820958256721,0.0,0.0
1,9,0.7065405488161242,5.241357337144088,False,False,True,False,False,True,False,False,8,0,0.10695586996868113,0.09257853031158447,False,False,0.10648172612914136,0.0913763114192192,0.24158714083906352,0.77,1.0,0.0,0,1.0,0.0,0.0,0.02,0.012,1.0,1.0,1.0,1.0,1.0,1.0,0.5830242037773132,0.08472906053066254,0.6499999761581421,0.6063067317008972,0.1886342167854309,0.7413763403892517,-0.00023747095838189125,-0.0035359382163733244,-0.001411552308127284,nan,nan,nan,-0.00023747095838189125,-0.0035359382163733244,-0.001411552308127284,-0.00023747095838189125,-0.0035359382163733244,-0.001411552308127284,-0.00023747095838189125,-0.0035359382163733244,-0.001411552308127284,0.0,0.0
1,10,0.4938857309848145,5.735243068128902,False,False,True,False,False,True,False,False,9,0,0.10648172612914136,0.09137636423110962,False,False,0.1060258597200244,0.0901442793506868,0.241907440089362,0.77,1.0,0.0,0,1.0,0.0,0.0,0.02,0.012,1.0,1.0,1.0,1.0,1.0,1.0,0.5830242037773132,0.08472906053066254,0.6499999761581421,0.6060203313827515,0.18823105096817017,0.7401442527770996,-0.0001241830177605152,-0.0032115373760461807,-0.0020460549276322126,nan,nan,nan,-0.0001241830177605152,-0.0032115373760461807,-0.0020460549276322126,-0.0001241830177605152,-0.0032115373760461807,-0.0020460549276322126,-0.0001241830177605152,-0.0032115373760461807,-0.0020460549276322126,0.0,0.0
1,11,0.5332004796731135,6.268443547802016,False,False,True,False,False,True,False,False,10,0,0.1060258597200244,0.09014427661895752,False,False,0.10556742070455223,0.0889110371168812,0.24222380429222326,0.77,1.0,0.0,0,1.0,0.0,0.0,0.02,0.012,1.0,1.0,1.0,1.0,1.0,1.0,0.5830242037773132,0.08472906053066254,0.6499999761581421,0.6057096123695374,0.18783022463321686,0.7389110326766968,-0.0003847549669444561,-0.0031933817081153393,-0.0017078875098377466,nan,nan,nan,-0.0003847549669444561,-0.0031933817081153393,-0.0017078875098377466,-0.0003847549669444561,-0.0031933817081153393,-0.0017078875098377466,-0.0003847549669444561,-0.0031933817081153393,-0.0017078875098377466,0.0,0.0
1,12,0.5828122697075276,6.851255817509544,False,False,True,False,False,True,False,False,11,0,0.10556742070455223,0.08891105651855469,False,False,0.105105775525572,0.08771247563856999,0.242499075412574,0.77,1.0,0.0,0,1.0,0.0,0.0,0.02,0.012,1.0,1.0,1.0,1.0,1.0,1.0,0.5830242037773132,0.08472906053066254,0.6499999761581421,0.6054092645645142,0.18742342293262482,0.7377125024795532,-0.0001544412225484848,-0.003302757628262043,-0.0013767809141427279,nan,nan,nan,-0.0001544412225484848,-0.003302757628262043,-0.0013767809141427279,-0.0001544412225484848,-0.003302757628262043,-0.0013767809141427279,-0.0001544412225484848,-0.003302757628262043,-0.0013767809141427279,0.0,0.0
1,13,0.459223079480535,7.3104788969900785,False,False,True,False,False,True,False,False,12,0,0.105105775525572,0.08771252632141113,False,False,0.10465245438738603,0.08649057600676302,0.24281433276800904,0.77,1.0,0.0,0,1.0,0.0,0.0,0.02,0.012,1.0,1.0,1.0,1.0,1.0,1.0,0.5830242037773132,0.08472906053066254,0.6499999761581421,0.6050839424133301,0.1870301067829132,0.7364905476570129,-0.0005748099647462368,-0.003084410447627306,-0.0019030526746064425,nan,nan,nan,-0.0005748099647462368,-0.003084410447627306,-0.0019030526746064425,-0.0005748099647462368,-0.003084410447627306,-0.0019030526746064425,-0.0005748099647462368,-0.003084410447627306,-0.0019030526746064425,0.0,0.0
1,14,0.6971489490788224,8.007627846068901,False,False,True,False,False,True,False,False,13,0,0.10465245438738603,0.08649057149887085,False,False,0.10418171059635307,0.08533642074663672,0.24302700044606942,0.77,1.0,0.0,0,1.0,0.0,0.0,0.02,0.012,1.0,1.0,1.0,1.0,1.0,1.0,0.5830242037773132,0.08472906053066254,0.6499999761581421,0.6047880053520203,0.18661215901374817,0.735336422920227,5.07342629134655e-05,-0.003454305697232485,-0.0006275386549532413,nan,nan,nan,5.07342629134655e-05,-0.003454305697232485,-0.0006275386549532413,5.07342629134655e-05,-0.003454305697232485,-0.0006275386549532413,5.07342629134655e-05,-0.003454305697232485,-0.0006275386549532413,0.0,0.0
1,15,0.7092600582701939,8.716887904339096,False,False,True,False,False,True,False,False,14,0,0.10418171059635307,0.08533644676208496,False,False,0.10370252400551859,0.08421904977370642,0.24318599823733075,0.77,1.0,0.0,0,1.0,0.0,0.0,0.02,0.012,1.0,1.0,1.0,1.0,1.0,1.0,0.5830242037773132,0.08472906053066254,0.6499999761581421,0.6044809222221375,0.1861875355243683,0.7342190742492676,-0.00031136348843574524,-0.0034315157681703568,-0.0006408584304153919,nan,nan,nan,-0.00031136348843574524,-0.0034315157681703568,-0.0006408584304153919,-0.00031136348843574524,-0.0034315157681703568,-0.0006408584304153919,-0.00031136348843574524,-0.0034315157681703568,-0.0006408584304153919,0.0,0.0
1,16,0.6394188246616169,9.356306729000712,False,False,True,False,False,True,False,False,15,0,0.10370252400551859,0.08421909809112549,False,False,0.10323005611326047,0.08308581077662225,0.2433743014498987,0.77,1.0,0.0,0,1.0,0.0,0.0,0.02,0.012,1.0,1.0,1.0,1.0,1.0,1.0,0.5830242037773132,0.08472906053066254,0.6499999761581421,0.6041826605796814,0.18576748669147491,0.7330858111381531,-9.477371349930763e-05,-0.0034294086508452892,-0.000966689083725214,nan,nan,nan,-9.477371349930763e-05,-0.0034294086508452892,-0.000966689083725214,-9.477371349930763e-05,-0.0034294086508452892,-0.000966689083725214,-9.477371349930763e-05,-0.0034294086508452892,-0.000966689083725214,0.0,0.0
1,17,0.5439493144461706,9.900256043446882,False,False,True,False,False,True,False,False,16,0,0.10323005611326047,0.08308583498001099,False,False,0.1027698215480657,0.08193935621899529,0.2436002868771361,0.77,1.0,0.0,0,1.0,0.0,0.0,0.02,0.012,1.0,1.0,1.0,1.0,1.0,1.0,0.5830242037773132,0.08472906053066254,0.6499999761581421,0.6038405299186707,0.1853685975074768,0.7319393754005432,-0.0007230578921735287,-0.0030688694678246975,-0.0009734127670526505,nan,nan,nan,-0.0007230578921735287,-0.0030688694678246975,-0.0009734127670526505,-0.0007230578921735287,-0.0030688694678246975,-0.0009734127670526505,-0.0007230578921735287,-0.0030688694678246975,-0.0009734127670526505,0.0,0.0
1,18,0.6231325111387764,10.523388554585658,False,False,True,False,False,True,False,False,17,0,0.1027698215480657,0.08193939924240112,False,False,0.10230157304129066,0.08080091486770768,0.24380223121487363,0.77,1.0,0.0,0,1.0,0.0,0.0,0.02,0.012,1.0,1.0,1.0,1.0,1.0,1.0,0.5830242037773132,0.08472906053066254,0.6499999761581421,0.6034952998161316,0.18496151268482208,0.7308009266853333,-0.0005301553755998611,-0.0033223689533770084,-0.0009035896509885788,nan,nan,nan,-0.0005301553755998611,-0.0033223689533770084,-0.0009035896509885788,-0.0005301553755998611,-0.0033223689533770084,-0.0009035896509885788,-0.0005301553755998611,-0.0033223689533770084,-0.0009035896509885788,0.0,0.0
1,19,0.5069830343053426,11.030371588891,False,False,True,False,False,True,False,False,18,0,0.10230157304129066,0.08080095052719116,False,False,0.10182765270440583,0.07961821404654235,0.2440370913622693,0.77,1.0,0.0,0,1.0,0.0,0.0,0.02,0.012,1.0,1.0,1.0,1.0,1.0,1.0,0.5830242037773132,0.08472906053066254,0.6499999761581421,0.6030900478363037,0.18456007540225983,0.7296181917190552,-0.0014140636194497347,-0.0031376401893794537,-0.0016013365238904953,nan,nan,nan,-0.0014140636194497347,-0.0031376401893794537,-0.0016013365238904953,-0.0014140636194497347,-0.0031376401893794537,-0.0016013365238904953,-0.0014140636194497347,-0.0031376401893794537,-0.0016013365238904953,0.0,0.0
1,20,0.6483855862941196,11.67875717518512,False,False,True,False,False,True,False,False,19,0,0.10182765270440583,0.07961821556091309,False,False,0.1013455751613337,0.07846258483423607,0.24422856548843133,0.77,1.0,0.0,0,1.0,0.0,0.0,0.02,0.012,1.0,1.0,1.0,1.0,1.0,1.0,0.5830242037773132,0.08472906053066254,0.6499999761581421,0.6027180552482605,0.18414273858070374,0.7284625768661499,-0.000647345557808876,-0.00344240665435791,-0.0009508952498435974,nan,nan,nan,-0.000647345557808876,-0.00344240665435791,-0.0009508952498435974,-0.000647345557808876,-0.00344240665435791,-0.0009508952498435974,-0.000647345557808876,-0.00344240665435791,-0.0009508952498435974,0.0,0.0
1,21,0.8693022397494802,12.5480594149346,False,False,True,False,False,True,False,False,20,0,0.1013455751613337,0.07846260070800781,False,False,0.10083210705619541,0.07736954797878348,0.24429466613360734,0.77,1.0,0.0,0,1.0,0.0,0.0,0.02,0.012,1.0,1.0,1.0,1.0,1.0,1.0,0.5830242037773132,0.08472906053066254,0.6499999761581421,0.6023451685905457,0.18369275331497192,0.7273695468902588,-0.0008270605467259884,-0.0037245149724185467,-0.00022099632769823074,nan,nan,nan,-0.0008270605467259884,-0.0037245149724185467,-0.00022099632769823074,-0.0008270605467259884,-0.0037245149724185467,-0.00022099632769823074,-0.0008270605467259884,-0.0037245149724185467,-0.00022099632769823074,0.0,0.0
1,22,0.9757893281595557,13.523848743094156,False,False,True,False,False,True,False,False,21,0,0.10083210705619541,0.0773695707321167,False,False,0.10031377774673558,0.0763434442395633,0.24428411125390787,0.77,1.0,0.0,0,1.0,0.0,0.0,0.02,0.012,1.0,1.0,1.0,1.0,1.0,1.0,0.5830242037773132,0.08472906053066254,0.6499999761581421,0.6020013689994812,0.1832314431667328,0.7263434529304504,-0.0004029329866170883,-0.0038432760629802942,0.00039838720113039017,nan,nan,nan,-0.0004029329866170883,-0.0038432760629802942,0.00039838720113039017,-0.0004029329866170883,-0.0038432760629802942,0.00039838720113039017,-0.0004029329866170883,-0.0038432760629802942,0.00039838720113039017,0.0,0.0
1,23,0.8061984422830184,14.330047185377175,False,False,True,False,False,True,False,False,22,0,0.10031377774673558,0.07634347677230835,False,False,0.09981142490031393,0.07530357264436749,0.24431927715626037,0.77,1.0,0.0,0,1.0,0.0,0.0,0.02,0.012,1.0,1.0,1.0,1.0,1.0,1.0,0.5830242037773132,0.08472906053066254,0.6499999761581421,0.6016202569007874,0.18279285728931427,0.725303590297699,-0.0010641757398843765,-0.0034867338836193085,-9.779492393136024e-05,nan,nan,nan,-0.0010641757398843765,-0.0034867338836193085,-9.779492393136024e-05,-0.0010641757398843765,-0.0034867338836193085,-9.779492393136024e-05,-0.0010641757398843765,-0.0034867338836193085,-9.779492393136024e-05,0.0,0.0
1,24,0.940848348684689,15.270895534061864,False,False,True,False,False,True,False,False,23,0,0.09981142490031393,0.07530361413955688,False,False,0.09928841212899872,0.07425785342079871,0.24431897083719872,0.77,1.0,0.0,0,1.0,0.0,0.0,0.02,0.012,1.0,1.0,1.0,1.0,1.0,1.0,0.5830242037773132,0.08472906053066254,0.6499999761581421,0.6012013554573059,0.1823394000530243,0.7242578268051147,-0.0012936622370034456,-0.003781196428462863,2.7160625904798508e-05,nan,nan,nan,-0.0012936622370034456,-0.003781196428462863,2.7160625904798508e-05,-0.0012936622370034456,-0.003781196428462863,2.7160625904798508e-05,-0.0012936622370034456,-0.003781196428462863,2.7160625904798508e-05,0.0,0.0
1,25,0.8962928548059687,16.16718838886783,False,False,True,False,False,True,False,False,24,0,0.09928841212899872,0.07425785064697266,False,False,0.09876358067942646,0.07320992565319595,0.24431723570565697,0.77,1.0,0.0,0,1.0,0.0,0.0,0.02,0.012,1.0,1.0,1.0,1.0,1.0,1.0,0.5830242037773132,0.08472906053066254,0.6499999761581421,0.6007699966430664,0.1818852722644806,0.7232099175453186,-0.0014299931935966015,-0.003723816480487585,-0.00012020906433463097,nan,nan,nan,-0.0014299931935966015,-0.003723816480487585,-0.00012020906433463097,-0.0014299931935966015,-0.003723816480487585,-0.00012020906433463097,-0.0014299931935966015,-0.003723816480487585,-0.00012020906433463097,0.0,0.0
1,26,0.7960061447919128,16.963194533659745,False,False,True,False,False,True,False,False,25,0,0.09876358067942646,0.07320994138717651,False,False,0.09823583713383865,0.07211364225070971,0.2443580320169676,0.77,1.0,0.0,0,1.0,0.0,0.0,0.02,0.012,1.0,1.0,1.0,1.0,1.0,1.0,0.5830242037773132,0.08472906053066254,0.6499999761581421,0.6003577709197998,0.18142355978488922,0.7221136689186096,-0.0011303145438432693,-0.003897889982908964,-0.0008788174018263817,nan,nan,nan,-0.0011303145438432693,-0.003897889982908964,-0.0008788174018263817,-0.0011303145438432693,-0.003897889982908964,-0.0008788174018263817,-0.0011303145438432693,-0.003897889982908964,-0.0008788174018263817,0.0,0.0
1,27,0.8057257776090344,17.76892031126878,False,False,True,False,False,True,False,False,26,0,0.09823583713383865,0.07211369276046753,False,False,0.09772473461552687,0.07104678609188197,0.24440268313917177,0.77,1.0,0.0,0,1.0,0.0,0.0,0.02,0.012,1.0,1.0,1.0,1.0,1.0,1.0,0.5830242037773132,0.08472906053066254,0.6499999761581421,0.5999295711517334,0.18098045885562897,0.7210468053817749,-0.0013820510357618332,-0.0034781619906425476,-2.093939110636711e-05,nan,nan,nan,-0.0013820510357618332,-0.0034781619906425476,-2.093939110636711e-05,-0.0013820510357618332,-0.0034781619906425476,-2.093939110636711e-05,-0.0013820510357618332,-0.0034781619906425476,-2.093939110636711e-05,0.0,0.0
1,28,0.8110746807448925,18.57999499201367,False,False,True,False,False,True,False,False,27,0,0.09772473461552687,0.07104682922363281,False,False,0.09723149957093509,0.07002045009533397,0.2444425490465362,0.77,1.0,0.0,0,1.0,0.0,0.0,0.02,0.012,1.0,1.0,1.0,1.0,1.0,1.0,0.5830242037773132,0.08472906053066254,0.6499999761581421,0.5995549559593201,0.18054501712322235,0.7200204730033875,-0.0005813329480588436,-0.003587668761610985,0.00010559242218732834,nan,nan,nan,-0.0005813329480588436,-0.003587668761610985,0.00010559242218732834,-0.0005813329480588436,-0.003587668761610985,0.00010559242218732834,-0.0005813329480588436,-0.003587668761610985,0.00010559242218732834,0.0,0.0
1,29,1.0790789437634691,19.65907393577714,False,False,True,False,False,True,False,False,28,0,0.09723149957093509,0.07002049684524536,False,False,0.09668928036075447,0.06901905584169388,0.24435950487981506,0.77,1.0,0.0,0,1.0,0.0,0.0,0.02,0.012,1.0,1.0,1.0,1.0,1.0,1.0,0.5830242037773132,0.08472906053066254,0.6499999761581421,0.5991153120994568,0.18006999790668488,0.7190190553665161,-0.00157119520008564,-0.0039557525888085365,0.0005638636648654938,nan,nan,nan,-0.00157119520008564,-0.0039557525888085365,0.0005638636648654938,-0.00157119520008564,-0.0039557525888085365,0.0005638636648654938,-0.00157119520008564,-0.0039557525888085365,0.0005638636648654938,0.0,0.0
1,30,1.0307721226243314,20.68984605840147,False,False,True,False,False,True,False,False,29,0,0.09668928036075447,0.06901907920837402,False,False,0.09616298617004253,0.06805657050687253,0.24426940183321252,0.77,1.0,0.0,0,1.0,0.0,0.0,0.02,0.012,1.0,1.0,1.0,1.0,1.0,1.0,0.5830242037773132,0.08472906053066254,0.6499999761581421,0.5986498594284058,0.17961403727531433,0.7180565595626831,-0.0017230568919330835,-0.003659491892904043,0.0008407277055084705,nan,nan,nan,-0.0017230568919330835,-0.003659491892904043,0.0008407277055084705,-0.0017230568919330835,-0.003659491892904043,0.0008407277055084705,-0.0017230568919330835,-0.003659491892904043,0.0008407277055084705,0.0,0.0
1,31,1.2059512451242738,21.895797303525747,False,False,True,False,False,True,False,False,30,0,0.09616298617004253,0.06805658340454102,False,False,0.0956282922510898,0.06714031706345414,0.24411626743872547,0.77,1.0,0.0,0,1.0,0.0,0.0,0.02,0.012,1.0,1.0,1.0,1.0,1.0,1.0,0.5830242037773132,0.08472906053066254,0.6499999761581421,0.5981897115707397,0.1791471540927887,0.7171403169631958,-0.001543356105685234,-0.003895408706739545,0.0013992469757795334,nan,nan,nan,-0.001543356105685234,-0.003895408706739545,0.0013992469757795334,-0.001543356105685234,-0.003895408706739545,0.0013992469757795334,-0.001543356105685234,-0.003895408706739545,0.0013992469757795334,0.0,0.0
1,32,1.0724406201032042,22.96823792362895,False,False,True,False,False,True,False,False,31,0,0.0956282922510898,0.06714034080505371,False,False,0.09511895916402403,0.06623935282688331,0.24399856550116475,0.77,1.0,0.0,0,1.0,0.0,0.0,0.02,0.012,1.0,1.0,1.0,1.0,1.0,1.0,0.5830242037773132,0.08472906053066254,0.6499999761581421,0.5978060364723206,0.17869241535663605,0.716239333152771,-0.000638000201433897,-0.0037443977780640125,0.0012554442510008812,nan,nan,nan,-0.000638000201433897,-0.0037443977780640125,0.0012554442510008812,-0.000638000201433897,-0.0037443977780640125,0.0012554442510008812,-0.000638000201433897,-0.0037443977780640125,0.0012554442510008812,0.0,0.0
1,33,1.1408086687974703,24.10904659242642,False,False,True,False,False,True,False,False,32,0,0.09511895916402403,0.0662393569946289,False,False,0.09458876450403506,0.06532111007650743,0.24385641893156268,0.77,1.0,0.0,0,1.0,0.0,0.0,0.02,0.012,1.0,1.0,1.0,1.0,1.0,1.0,0.5830242037773132,0.08472906053066254,0.6499999761581421,0.5974047780036926,0.178218275308609,0.7153211236000061,-0.0010315291583538055,-0.003960956819355488,0.001135566271841526,nan,nan,nan,-0.0010315291583538055,-0.003960956819355488,0.001135566271841526,-0.0010315291583538055,-0.003960956819355488,0.001135566271841526,-0.0010315291583538055,-0.003960956819355488,0.001135566271841526,0.0,0.0
1,34,1.1968622784456673,25.305908870872088,False,False,True,False,False,True,False,False,33,0,0.09458876450403506,0.06532114744186401,False,False,0.09404316115483907,0.0644045972607733,0.24368172504890484,0.77,1.0,0.0,0,1.0,0.0,0.0,0.02,0.012,1.0,1.0,1.0,1.0,1.0,1.0,0.5830242037773132,0.08472906053066254,0.6499999761581421,0.5969749689102173,0.1777317076921463,0.7144045829772949,-0.0012952655088156462,-0.004065473098307848,0.0011886549182236195,nan,nan,nan,-0.0012952655088156462,-0.004065473098307848,0.0011886549182236195,-0.0012952655088156462,-0.004065473098307848,0.0011886549182236195,-0.0012952655088156462,-0.004065473098307848,0.0011886549182236195,0.0,0.0
1,35,1.1124771360048995,26.418386006876986,False,False,True,False,False,True,False,False,34,0,0.09404316115483907,0.06440460681915283,False,False,0.09351203396628087,0.06348853459555481,0.24353553333700692,0.77,1.0,0.0,0,1.0,0.0,0.0,0.02,0.012,1.0,1.0,1.0,1.0,1.0,1.0,0.5830242037773132,0.08472906053066254,0.6499999761581421,0.5965652465820312,0.17725549638271332,0.7134885191917419,-0.0009836237877607346,-0.0039397478103637695,0.0010876404121518135,nan,nan,nan,-0.0009836237877607346,-0.0039397478103637695,0.0010876404121518135,-0.0009836237877607346,-0.0039397478103637695,0.0010876404121518135,-0.0009836237877607346,-0.0039397478103637695,0.0010876404121518135,0.0,0.0
1,36,1.102953638023945,27.52133964490093,False,False,True,False,False,True,False,False,35,0,0.09351203396628087,0.06348854303359985,False,False,0.09297496550938154,0.06255530654002195,0.24339462447874113,0.77,1.0,0.0,0,1.0,0.0,0.0,0.02,0.012,1.0,1.0,1.0,1.0,1.0,1.0,0.5830242037773132,0.08472906053066254,0.6499999761581421,0.5961684584617615,0.1767701953649521,0.7125552892684937,-0.0008519948460161686,-0.004089083522558212,0.0008568544872105122,nan,nan,nan,-0.0008519948460161686,-0.004089083522558212,0.0008568544872105122,-0.0008519948460161686,-0.004089083522558212,0.0008568544872105122,-0.0008519948460161686,-0.004089083522558212,0.0008568544872105122,0.0,0.0
1,37,1.2337965597916172,28.755136204692548,False,False,True,False,False,True,False,False,36,0,0.09297496550938154,0.06255531311035156,False,False,0.09243236726190257,0.061657020093234816,0.24320771443057032,0.77,1.0,0.0,0,1.0,0.0,0.0,0.02,0.012,1.0,1.0,1.0,1.0,1.0,1.0,0.5830242037773132,0.08472906053066254,0.6499999761581421,0.595757246017456,0.1762802004814148,0.7116570472717285,-0.001034941989928484,-0.004042420536279678,0.0015254830941557884,nan,nan,nan,-0.001034941989928484,-0.004042420536279678,0.0015254830941557884,-0.001034941989928484,-0.004042420536279678,0.0015254830941557884,-0.001034941989928484,-0.004042420536279678,0.0015254830941557884,0.0,0.0
1,38,1.3615223294952272,30.116658534187774,False,False,True,False,False,True,False,False,37,0,0.09243236726190257,0.061657071113586426,False,False,0.09188111084182796,0.060803290643350105,0.2429589310403058,0.77,1.0,0.0,0,1.0,0.0,0.0,0.02,0.012,1.0,1.0,1.0,1.0,1.0,1.0,0.5830242037773132,0.08472906053066254,0.6499999761581421,0.5953513979911804,0.17577947676181793,0.7108032703399658,-0.0008990825153887272,-0.004234887193888426,0.001858673058450222,nan,nan,nan,-0.0008990825153887272,-0.004234887193888426,0.001858673058450222,-0.0008990825153887272,-0.004234887193888426,0.001858673058450222,-0.0008990825153887272,-0.004234887193888426,0.001858673058450222,0.0,0.0
1,39,1.169306163389481,31.285964697577256,False,False,True,False,False,True,False,False,38,0,0.09188111084182796,0.06080329418182373,False,False,0.09135133732456892,0.059936117504697295,0.24276655714444054,0.77,1.0,0.0,0,1.0,0.0,0.0,0.02,0.012,1.0,1.0,1.0,1.0,1.0,1.0,0.5830242037773132,0.08472906053066254,0.6499999761581421,0.5949481129646301,0.17529885470867157,0.7099361419677734,-0.0009636925533413887,-0.0039353505708277225,0.001440797932446003,nan,nan,nan,-0.0009636925533413887,-0.0039353505708277225,0.001440797932446003,-0.0009636925533413887,-0.0039353505708277225,0.001440797932446003,-0.0009636925533413887,-0.0039353505708277225,0.001440797932446003,0.0,0.0
1,40,1.4723997785095049,32.75836447608676,False,False,True,False,False,True,False,False,39,0,0.09135133732456892,0.05993616580963135,False,False,0.0908002221562446,0.05911446731031711,0.2424859770021721,0.77,1.0,0.0,0,1.0,0.0,0.0,0.02,0.012,1.0,1.0,1.0,1.0,1.0,1.0,0.5830242037773132,0.08472906053066254,0.6499999761581421,0.5945166349411011,0.17479905486106873,0.7091144919395447,-0.0011877799406647682,-0.004197203554213047,0.0023818332701921463,nan,nan,nan,-0.0011877799406647682,-0.004197203554213047,0.0023818332701921463,-0.0011877799406647682,-0.004197203554213047,0.0023818332701921463,-0.0011877799406647682,-0.004197203554213047,0.0023818332701921463,0.0,0.0
1,41,1.1365511444036982,33.89491562049046,False,False,True,False,False,True,False,False,40,0,0.0908002221562446,0.05911451578140259,False,False,0.09027511703328588,0.058260279807703874,0.24228995425886787,0.77,1.0,0.0,0,1.0,0.0,0.0,0.02,0.012,1.0,1.0,1.0,1.0,1.0,1.0,0.5830242037773132,0.08472906053066254,0.6499999761581421,0.5940849781036377,0.17432400584220886,0.7082602977752686,-0.0012674853205680847,-0.003897440154105425,0.001330964732915163,nan,nan,nan,-0.0012674853205680847,-0.003897440154105425,0.001330964732915163,-0.0012674853205680847,-0.003897440154105425,0.001330964732915163,-0.0012674853205680847,-0.003897440154105425,0.001330964732915163,0.0,0.0
1,42,1.3262929938170434,35.2212086143075,False,False,True,False,False,True,False,False,41,0,0.09027511703328588,0.058260321617126465,False,False,0.08972568243296525,0.05739729232536683,0.24205407254056366,0.77,1.0,0.0,0,1.0,0.0,0.0,0.02,0.012,1.0,1.0,1.0,1.0,1.0,1.0,0.5830242037773132,0.08472906053066254,0.6499999761581421,0.5935977697372437,0.1738295555114746,0.7073972821235657,-0.0018424063455313444,-0.004139028489589691,0.0017392206937074661,nan,nan,nan,-0.0018424063455313444,-0.004139028489589691,0.0017392206937074661,-0.0018424063455313444,-0.004139028489589691,0.0017392206937074661,-0.0018424063455313444,-0.004139028489589691,0.0017392206937074661,0.0,0.0
1,43,1.2450728996225118,36.466281513930014,False,False,True,False,False,True,False,False,42,0,0.08972568243296525,0.057397305965423584,False,False,0.08919705418391749,0.056555250996069506,0.24183885737176547,0.77,1.0,0.0,0,1.0,0.0,0.0,0.02,0.012,1.0,1.0,1.0,1.0,1.0,1.0,0.5830242037773132,0.08472906053066254,0.6499999761581421,0.5931645631790161,0.1733478307723999,0.7065552473068237,-0.0010403343476355076,-0.0040025669150054455,0.0017316997982561588,nan,nan,nan,-0.0010403343476355076,-0.0040025669150054455,0.0017316997982561588,-0.0010403343476355076,-0.0040025669150054455,0.0017316997982561588,-0.0010403343476355076,-0.0040025669150054455,0.0017316997982561588,0.0,0.0
1,44,1.148791192216561,37.61507270614658,False,False,True,False,False,True,False,False,43,0,0.08919705418391749,0.05655527114868164,False,False,0.08867823263577568,0.055694566882530494,0.24166189838902086,0.77,1.0,0.0,0,1.0,0.0,0.0,0.02,0.012,1.0,1.0,1.0,1.0,1.0,1.0,0.5830242037773132,0.08472906053066254,0.6499999761581421,0.5927608609199524,0.17287114262580872,0.7056945562362671,-0.0008369935676455498,-0.003947408404201269,0.001447955146431923,nan,nan,nan,-0.0008369935676455498,-0.003947408404201269,0.001447955146431923,-0.0008369935676455498,-0.003947408404201269,0.001447955146431923,-0.0008369935676455498,-0.003947408404201269,0.001447955146431923,0.0,0.0
1,45,1.6302190949516104,39.24529180109819,False,False,True,False,False,True,False,False,44,0,0.08867823263577568,0.055694580078125,False,False,0.08811578788255606,0.054908881617627414,0.2413226941474847,0.77,1.0,0.0,0,1.0,0.0,0.0,0.02,0.012,1.0,1.0,1.0,1.0,1.0,1.0,0.5830242037773132,0.08472906053066254,0.6499999761581421,0.5923147201538086,0.17235369980335236,0.7049089074134827,-0.0013011819683015347,-0.00438342522829771,0.0028259875252842903,nan,nan,nan,-0.0013011819683015347,-0.00438342522829771,0.0028259875252842903,-0.0013011819683015347,-0.00438342522829771,0.0028259875252842903,-0.0013011819683015347,-0.00438342522829771,0.0028259875252842903,0.0,0.0
1,46,1.0961742507794094,40.3414660518776,False,False,True,False,False,True,False,False,45,0,0.08811578788255606,0.054908931255340576,False,False,0.08760292997418659,0.05408284553717668,0.2411230144111965,0.77,1.0,0.0,0,1.0,0.0,0.0,0.02,0.012,1.0,1.0,1.0,1.0,1.0,1.0,0.5830242037773132,0.08472906053066254,0.6499999761581421,0.5918856859207153,0.17188264429569244,0.7040828466415405,-0.001180641120299697,-0.003815095406025648,0.0013921246863901615,nan,nan,nan,-0.001180641120299697,-0.003815095406025648,0.0013921246863901615,-0.001180641120299697,-0.003815095406025648,0.0013921246863901615,-0.001180641120299697,-0.003815095406025648,0.0013921246863901615,0.0,0.0
1,47,1.371794474576976,41.713260526454576,False,False,True,False,False,True,False,False,46,0,0.08760292997418659,0.05408287048339844,False,False,0.0870795708616033,0.05326894464190879,0.2408901970812978,0.77,1.0,0.0,0,1.0,0.0,0.0,0.02,0.012,1.0,1.0,1.0,1.0,1.0,1.0,0.5830242037773132,0.08472906053066254,0.6499999761581421,0.5914849042892456,0.1713966280221939,0.7032689452171326,-0.000638078898191452,-0.004085115622729063,0.002261582762002945,nan,nan,nan,-0.000638078898191452,-0.004085115622729063,0.002261582762002945,-0.000638078898191452,-0.004085115622729063,0.002261582762002945,-0.000638078898191452,-0.004085115622729063,0.002261582762002945,0.0,0.0
1,48,1.1566246172166161,42.86988514367119,False,False,True,False,False,True,False,False,47,0,0.0870795708616033,0.05326896905899048,False,False,0.08656224588198594,0.052433836033925485,0.2406906557300464,0.77,1.0,0.0,0,1.0,0.0,0.0,0.02,0.012,1.0,1.0,1.0,1.0,1.0,1.0,0.5830242037773132,0.08472906053066254,0.6499999761581421,0.5911004543304443,0.1709137260913849,0.7024338245391846,-0.0006508510559797287,-0.004009482450783253,0.0014946190640330315,nan,nan,nan,-0.0006508510559797287,-0.004009482450783253,0.0014946190640330315,-0.0006508510559797287,-0.004009482450783253,0.0014946190640330315,-0.0006508510559797287,-0.004009482450783253,0.0014946190640330315,0.0,0.0
1,49,1.2754955705232607,44.14538071419445,False,False,True,False,False,True,False,False,48,0,0.08656224588198594,0.05243384838104248,False,False,0.08604572035352077,0.05161157804966521,0.24047986265737634,0.77,1.0,0.0,0,1.0,0.0,0.0,0.02,0.012,1.0,1.0,1.0,1.0,1.0,1.0,0.5830242037773132,0.08472906053066254,0.6499999761581421,0.5906830430030823,0.17043325304985046,0.7016115784645081,-0.0009991363622248173,-0.003908816259354353,0.0020774961449205875,nan,nan,nan,-0.0009991363622248173,-0.003908816259354353,0.0020774961449205875,-0.0009991363622248173,-0.003908816259354353,0.0020774961449205875,-0.0009991363622248173,-0.003908816259354353,0.0020774961449205875,0.0,0.0
1,50,1.4830563769093958,45.62843709110385,False,False,True,False,False,True,False,False,49,0,0.08604572035352077,0.05161160230636597,False,False,0.08550349961335825,0.050830267209530655,0.24017673201718584,0.77,1.0,0.0,0,1.0,0.0,0.0,0.02,0.012,1.0,1.0,1.0,1.0,1.0,1.0,0.5830242037773132,0.08472906053066254,0.6499999761581421,0.5902039408683777,0.1699305921792984,0.7008302807807922,-0.0016815867274999619,-0.004224267788231373,0.002450436819344759,nan,nan,nan,-0.0016815867274999619,-0.004224267788231373,0.002450436819344759,-0.0016815867274999619,-0.004224267788231373,0.002450436819344759,-0.0016815867274999619,-0.004224267788231373,0.002450436819344759,0.0,0.0
1,51,1.4397389188950196,47.068176009998865,False,False,True,False,False,True,False,False,50,0,0.08550349961335825,0.050830304622650146,False,False,0.08498040678844083,0.050076806650416916,0.23988400692646475,0.77,1.0,0.0,0,1.0,0.0,0.0,0.02,0.012,1.0,1.0,1.0,1.0,1.0,1.0,0.5830242037773132,0.08472906053066254,0.6499999761581421,0.5897802710533142,0.16944047808647156,0.7000768184661865,-0.0008417600765824318,-0.0040756878443062305,0.0025576120242476463,nan,nan,nan,-0.0008417600765824318,-0.0040756878443062305,0.0025576120242476463,-0.0008417600765824318,-0.0040756878443062305,0.0025576120242476463,-0.0008417600765824318,-0.0040756878443062305,0.0025576120242476463,0.0,0.0
1,52,1.4118327131843385,48.480008723183204,False,False,True,False,False,True,False,False,51,0,0.08498040678844083,0.050076842308044434,False,False,0.08444964337148271,0.049308117173944566,0.23959116956902085,0.77,1.0,0.0,0,1.0,0.0,0.0,0.02,0.012,1.0,1.0,1.0,1.0,1.0,1.0,0.5830242037773132,0.08472906053066254,0.6499999761581421,0.5893129110336304,0.16894422471523285,0.6993080973625183,-0.0015989691019058228,-0.0041188872419297695,0.0023399698548018932,nan,nan,nan,-0.0015989691019058228,-0.0041188872419297695,0.0023399698548018932,-0.0015989691019058228,-0.0041188872419297695,0.0023399698548018932,-0.0015989691019058228,-0.0041188872419297695,0.0023399698548018932,0.0,0.0
1,53,1.6109283398168364,50.09093706300004,False,False,True,False,False,True,False,False,52,0,0.08444964337148271,0.04930812120437622,False,False,0.08390104339337844,0.04856757365763442,0.23923451312912244,0.77,1.0,0.0,0,1.0,0.0,0.0,0.02,0.012,1.0,1.0,1.0,1.0,1.0,1.0,0.5830242037773132,0.08472906053066254,0.6499999761581421,0.588836133480072,0.16842855513095856,0.6985675692558289,-0.0014732389245182276,-0.004387321881949902,0.002816476859152317,nan,nan,nan,-0.0014732389245182276,-0.004387321881949902,0.002816476859152317,-0.0014732389245182276,-0.004387321881949902,0.002816476859152317,-0.0014732389245182276,-0.004387321881949902,0.002816476859152317,0.0,0.0
1,54,1.255293836621603,51.346230899621645,False,False,True,False,False,True,False,False,53,0,0.08390104339337844,0.04856759309768677,False,False,0.08337313045447824,0.04777773854040135,0.23896852236855512,0.77,1.0,0.0,0,1.0,0.0,0.0,0.02,0.012,1.0,1.0,1.0,1.0,1.0,1.0,0.5830242037773132,0.08472906053066254,0.6499999761581421,0.5883901715278625,0.16792933642864227,0.6977777481079102,-0.001212283968925476,-0.004178092814981937,0.0017396686598658562,nan,nan,nan,-0.001212283968925476,-0.004178092814981937,0.0017396686598658562,-0.001212283968925476,-0.004178092814981937,0.0017396686598658562,-0.001212283968925476,-0.004178092814981937,0.0017396686598658562,0.0,0.0
1,55,1.538399612840976,52.88463051246262,False,False,True,False,False,True,False,False,54,0,0.08337313045447824,0.047777771949768066,False,False,0.08283449862265638,0.04701609364636783,0.23865290359894492,0.77,1.0,0.0,0,1.0,0.0,0.0,0.02,0.012,1.0,1.0,1.0,1.0,1.0,1.0,0.5830242037773132,0.08472906053066254,0.6499999761581421,0.5879066586494446,0.16741953790187836,0.6970161199569702,-0.0016223147977143526,-0.004230942111462355,0.0027425051666796207,nan,nan,nan,-0.0016223147977143526,-0.004230942111462355,0.0027425051666796207,-0.0016223147977143526,-0.004230942111462355,0.0027425051666796207,-0.0016223147977143526,-0.004230942111462355,0.0027425051666796207,0.0,0.0
1,56,1.5243604935707569,54.408991006033375,False,False,True,False,False,True,False,False,55,0,0.08283449862265638,0.047016143798828125,False,False,0.08231081933592094,0.04629483779752175,0.23832680087432012,0.77,1.0,0.0,0,1.0,0.0,0.0,0.02,0.012,1.0,1.0,1.0,1.0,1.0,1.0,0.5830242037773132,0.08472906053066254,0.6499999761581421,0.587455153465271,0.1669205278158188,0.6962948441505432,-0.0011526909656822681,-0.004168791230767965,0.002801727969199419,nan,nan,nan,-0.0011526909656822681,-0.004168791230767965,0.002801727969199419,-0.0011526909656822681,-0.004168791230767965,0.002801727969199419,-0.0011526909656822681,-0.004168791230767965,0.002801727969199419,0.0,0.0
1,57,1.3715572185948333,55.780548224628205,False,False,True,False,False,True,False,False,56,0,0.08231081933592094,0.04629486799240112,False,False,0.08181448401098347,0.04556467396806829,0.23806429405389865,0.77,1.0,0.0,0,1.0,0.0,0.0,0.02,0.012,1.0,1.0,1.0,1.0,1.0,1.0,0.5830242037773132,0.08472906053066254,0.6499999761581421,0.586986243724823,0.16644755005836487,0.6955646872520447,-0.0015225510578602552,-0.0037957679014652967,0.002640670631080866,nan,nan,nan,-0.0015225510578602552,-0.0037957679014652967,0.002640670631080866,-0.0015225510578602552,-0.0037957679014652967,0.002640670631080866,-0.0015225510578602552,-0.0037957679014652967,0.002640670631080866,0.0,0.0
1,58,1.4657621587823422,57.246310383410545,False,False,True,False,False,True,False,False,57,0,0.08181448401098347,0.04556471109390259,False,False,0.08131000827278947,0.044837383506152406,0.23778263303942654,0.77,1.0,0.0,0,1.0,0.0,0.0,0.02,0.012,1.0,1.0,1.0,1.0,1.0,1.0,0.5830242037773132,0.08472906053066254,0.6499999761581421,0.5865390300750732,0.1659630686044693,0.6948373913764954,-0.0010629077441990376,-0.004092623945325613,0.002700377255678177,nan,nan,nan,-0.0010629077441990376,-0.004092623945325613,0.002700377255678177,-0.0010629077441990376,-0.004092623945325613,0.002700377255678177,-0.0010629077441990376,-0.004092623945325613,0.002700377255678177,0.0,0.0
1,59,1.3617797599743475,58.60809014338489,False,False,True,False,False,True,False,False,58,0,0.08131000827278947,0.04483741521835327,False,False,0.08079628078715047,0.04408457670041632,0.2375079848738846,0.77,1.0,0.0,0,1.0,0.0,0.0,0.02,0.012,1.0,1.0,1.0,1.0,1.0,1.0,0.5830242037773132,0.08472906053066254,0.6499999761581421,0.5860736966133118,0.165467768907547,0.6940845847129822,-0.0014480960089713335,-0.004127684514969587,0.0022816192358732224,nan,nan,nan,-0.0014480960089713335,-0.004127684514969587,0.0022816192358732224,-0.0014480960089713335,-0.004127684514969587,0.0022816192358732224,-0.0014480960089713335,-0.004127684514969587,0.0022816192358732224,0.0,0.0
1,60,1.6615721263407892,60.26966226972568,False,False,True,False,False,True,False,False,59,0,0.08079628078715047,0.04408460855484009,False,False,0.08026795119331384,0.04337965018743206,0.23715625219919562,0.77,1.0,0.0,0,1.0,0.0,0.0,0.02,0.012,1.0,1.0,1.0,1.0,1.0,1.0,0.5830242037773132,0.08472906053066254,0.6499999761581421,0.5856462717056274,0.16495417058467865,0.6933796405792236,-0.0007628430612385273,-0.004363128915429115,0.003157437779009342,nan,nan,nan,-0.0007628430612385273,-0.004363128915429115,0.003157437779009342,-0.0007628430612385273,-0.004363128915429115,0.003157437779009342,-0.0007628430612385273,-0.004363128915429115,0.003157437779009342,0.0,0.0
1,61,1.6306777545394455,61.90034002426513,False,False,True,False,False,True,False,False,60,0,0.08026795119331384,0.04337966442108154,False,False,0.07972965663811901,0.04268714491903458,0.23677216835720344,0.77,1.0,0.0,0,1.0,0.0,0.0,0.02,0.012,1.0,1.0,1.0,1.0,1.0,1.0,0.5830242037773132,0.08472906053066254,0.6499999761581421,0.585226833820343,0.16442827880382538,0.6926871538162231,-0.0008814022876322269,-0.00447068689391017,0.002939046360552311,nan,nan,nan,-0.0008814022876322269,-0.00447068689391017,0.002939046360552311,-0.0008814022876322269,-0.00447068689391017,0.002939046360552311,-0.0008814022876322269,-0.00447068689391017,0.002939046360552311,0.0,0.0
1,62,1.649915779476004,63.55025580374113,False,False,True,False,False,True,False,False,61,0,0.07972965663811901,0.042687177658081055,False,False,0.0791969488038927,0.04200166985528575,0.23639222775249966,0.77,1.0,0.0,0,1.0,0.0,0.0,0.02,0.012,1.0,1.0,1.0,1.0,1.0,1.0,0.5830242037773132,0.08472906053066254,0.6499999761581421,0.5847304463386536,0.16390763223171234,0.6920016407966614,-0.0018467043992131948,-0.0042994385585188866,0.0031744828447699547,nan,nan,nan,-0.0018467043992131948,-0.0042994385585188866,0.0031744828447699547,-0.0018467043992131948,-0.0042994385585188866,0.0031744828447699547,-0.0018467043992131948,-0.0042994385585188866,0.0031744828447699547,0.0,0.0
1,63,1.3612611106098327,64.91151691435097,False,False,True,False,False,True,False,False,62,0,0.0791969488038927,0.04200166463851929,False,False,0.07868537830564198,0.04127115360379041,0.23609960300749355,0.77,1.0,0.0,0,1.0,0.0,0.0,0.02,0.012,1.0,1.0,1.0,1.0,1.0,1.0,0.5830242037773132,0.08472906053066254,0.6499999761581421,0.5842770338058472,0.1634044647216797,0.6912711262702942,-0.0010948199778795242,-0.004275979474186897,0.002211612183600664,nan,nan,nan,-0.0010948199778795242,-0.004275979474186897,0.002211612183600664,-0.0010948199778795242,-0.004275979474186897,0.002211612183600664,-0.0010948199778795242,-0.004275979474186897,0.002211612183600664,0.0,0.0
1,64,1.5161219767228375,66.42763889107381,False,False,True,False,False,True,False,False,63,0,0.07868537830564198,0.0412711501121521,False,False,0.07816917518295206,0.04054704250116026,0.23579130786474387,0.77,1.0,0.0,0,1.0,0.0,0.0,0.02,0.012,1.0,1.0,1.0,1.0,1.0,1.0,0.5830242037773132,0.08472906053066254,0.6499999761581421,0.5838338136672974,0.16289404034614563,0.6905470490455627,-0.0010491390712559223,-0.004256563726812601,0.002793538384139538,nan,nan,nan,-0.0010491390712559223,-0.004256563726812601,0.002793538384139538,-0.0010491390712559223,-0.004256563726812601,0.002793538384139538,-0.0010491390712559223,-0.004256563726812601,0.002793538384139538,0.0,0.0
1,65,1.4741128916914303,67.90175178276525,False,False,True,False,False,True,False,False,64,0,0.07816917518295206,0.040547072887420654,False,False,0.0776578076654058,0.03983372884535974,0.23548188648545185,0.77,1.0,0.0,0,1.0,0.0,0.0,0.02,0.012,1.0,1.0,1.0,1.0,1.0,1.0,0.5830242037773132,0.08472906053066254,0.6499999761581421,0.5833601355552673,0.16238613426685333,0.6898337006568909,-0.001481546787545085,-0.0042325942777097225,0.002684368286281824,nan,nan,nan,-0.001481546787545085,-0.0042325942777097225,0.002684368286281824,-0.001481546787545085,-0.0042325942777097225,0.002684368286281824,-0.001481546787545085,-0.0042325942777097225,0.002684368286281824,0.0,0.0
1,66,1.5656460561388943,69.46739783890413,False,False,True,False,False,True,False,False,65,0,0.0776578076654058,0.03983372449874878,False,False,0.07713546240716554,0.039128879620401125,0.23514204519392995,0.77,1.0,0.0,0,1.0,0.0,0.0,0.02,0.012,1.0,1.0,1.0,1.0,1.0,1.0,0.5830242037773132,0.08472906053066254,0.6499999761581421,0.5828927755355835,0.16186441481113434,0.6891288757324219,-0.0012499748263508081,-0.004455644637346268,0.0028045703656971455,nan,nan,nan,-0.0012499748263508081,-0.004455644637346268,0.0028045703656971455,-0.0012499748263508081,-0.004455644637346268,0.0028045703656971455,-0.0012499748263508081,-0.004455644637346268,0.0028045703656971455,0.0,0.0
1,67,1.5488161208718894,71.01621395977602,False,False,True,False,False,True,False,False,66,0,0.07713546240716554,0.039128899574279785,False,False,0.07662382100259715,0.03843794377664822,0.23480969822854608,0.77,1.0,0.0,0,1.0,0.0,0.0,0.02,0.012,1.0,1.0,1.0,1.0,1.0,1.0,0.5830242037773132,0.08472906053066254,0.6499999761581421,0.5824635624885559,0.16135083138942719,0.6884379386901855,-0.0008345954120159149,-0.004293711390346289,0.0029143961146473885,nan,nan,nan,-0.0008345954120159149,-0.004293711390346289,0.0029143961146473885,-0.0008345954120159149,-0.004293711390346289,0.0029143961146473885,-0.0008345954120159149,-0.004293711390346289,0.0029143961146473885,0.0,0.0
1,68,1.4307731011355798,72.44698706091161,False,False,True,False,False,True,False,False,67,0,0.07662382100259715,0.03843796253204346,False,False,0.07613085777997573,0.03773721211703429,0.23452450344291717,0.77,1.0,0.0,0,1.0,0.0,0.0,0.02,0.012,1.0,1.0,1.0,1.0,1.0,1.0,0.5830242037773132,0.08472906053066254,0.6499999761581421,0.5820556879043579,0.16085375845432281,0.687737226486206,-0.000661507248878479,-0.0041182092390954494,0.0026896465569734573,nan,nan,nan,-0.000661507248878479,-0.0041182092390954494,0.0026896465569734573,-0.000661507248878479,-0.0041182092390954494,0.0026896465569734573,-0.000661507248878479,-0.0041182092390954494,0.0026896465569734573,0.0,0.0
1,69,1.622639584659083,74.0696266455707,False,False,True,False,False,True,False,False,68,0,0.07613085777997573,0.037737250328063965,False,False,0.07562533754905633,0.037060127223522255,0.2341905478745904,0.77,1.0,0.0,0,1.0,0.0,0.0,0.02,0.012,1.0,1.0,1.0,1.0,1.0,1.0,0.5830242037773132,0.08472906053066254,0.6499999761581421,0.5815756916999817,0.16034051775932312,0.6870601177215576,-0.0015591525007039309,-0.00428355298936367,0.0032153455540537834,nan,nan,nan,-0.0015591525007039309,-0.00428355298936367,0.0032153455540537834,-0.0015591525007039309,-0.00428355298936367,0.0032153455540537834,-0.0015591525007039309,-0.00428355298936367,0.0032153455540537834,0.0,0.0
1,70,1.5080812283292646,75.57770787389995,False,False,True,False,False,True,False,False,69,0,0.07562533754905633,0.03706014156341553,False,False,0.07513590621731497,0.03638847728654637,0.23388333514808357,0.77,1.0,0.0,0,1.0,0.0,0.0,0.02,0.012,1.0,1.0,1.0,1.0,1.0,1.0,0.5830242037773132,0.08472906053066254,0.6499999761581421,0.5810734629631042,0.15983964502811432,0.6863884925842285,-0.0016961926594376564,-0.004156325478106737,0.0029670801013708115,nan,nan,nan,-0.0016961926594376564,-0.004156325478106737,0.0029670801013708115,-0.0016961926594376564,-0.004156325478106737,0.0029670801013708115,-0.0016961926594376564,-0.004156325478106737,0.0029670801013708115,0.0,0.0
1,71,1.4329163565963492,77.0106242304963,False,False,True,False,False,True,False,False,70,0,0.07513590621731497,0.036388516426086426,False,False,0.07464644150064828,0.0356918489885214,0.23360103401277516,0.77,1.0,0.0,0,1.0,0.0,0.0,0.02,0.012,1.0,1.0,1.0,1.0,1.0,1.0,0.5830242037773132,0.08472906053066254,0.6499999761581421,0.5806481838226318,0.15933768451213837,0.6856918334960938,-0.0006356812082231045,-0.004284346476197243,0.0025924406945705414,nan,nan,nan,-0.0006356812082231045,-0.004284346476197243,0.0025924406945705414,-0.0006356812082231045,-0.004284346476197243,0.0025924406945705414,-0.0006356812082231045,-0.004284346476197243,0.0025924406945705414,0.0,0.0
1,72,1.5390174948791326,78.54964172537544,False,False,True,False,False,True,False,False,71,0,0.07464644150064828,0.03569185733795166,False,False,0.0741451676076993,0.035002281227238696,0.2332880539881599,0.77,1.0,0.0,0,1.0,0.0,0.0,0.02,0.012,1.0,1.0,1.0,1.0,1.0,1.0,0.5830242037773132,0.08472906053066254,0.6499999761581421,0.580223798751831,0.15882132947444916,0.6850022673606873,-0.0008324561640620232,-0.00433043297380209,0.0029256120324134827,nan,nan,nan,-0.0008324561640620232,-0.00433043297380209,0.0029256120324134827,-0.0008324561640620232,-0.00433043297380209,0.0029256120324134827,-0.0008324561640620232,-0.00433043297380209,0.0029256120324134827,0.0,0.0
1,73,1.6379147829622251,80.18755650833766,False,False,True,False,False,True,False,False,72,0,0.0741451676076993,0.035002291202545166,False,False,0.07364207109507405,0.03434311611543317,0.23294102607471492,0.77,1.0,0.0,0,1.0,0.0,0.0,0.02,0.012,1.0,1.0,1.0,1.0,1.0,1.0,0.5830242037773132,0.08472906053066254,0.6499999761581421,0.5797768235206604,0.1582994908094406,0.6843430995941162,-0.0010680202394723892,-0.004391397349536419,0.0032221730798482895,nan,nan,nan,-0.0010680202394723892,-0.004391397349536419,0.0032221730798482895,-0.0010680202394723892,-0.004391397349536419,0.0032221730798482895,-0.0010680202394723892,-0.004391397349536419,0.0032221730798482895,0.0,0.0
1,74,1.524702650975744,81.7122591593134,False,False,True,False,False,True,False,False,73,0,0.07364207109507405,0.03434312343597412,False,False,0.073149707193208,0.03367763776197308,0.23262177662444292,0.77,1.0,0.0,0,1.0,0.0,0.0,0.02,0.012,1.0,1.0,1.0,1.0,1.0,1.0,0.5830242037773132,0.08472906053066254,0.6499999761581421,0.5793227553367615,0.1577850580215454,0.683677613735199,-0.0011411530431360006,-0.004316460341215134,0.0029355427250266075,nan,nan,nan,-0.0011411530431360006,-0.004316460341215134,0.0029355427250266075,-0.0011411530431360006,-0.004316460341215134,0.0029355427250266075,-0.0011411530431360006,-0.004316460341215134,0.0029355427250266075,0.0,0.0
1,75,1.5986908209384718,83.31094998025188,False,False,True,False,False,True,False,False,74,0,0.073149707193208,0.033677637577056885,False,False,0.07264985675907693,0.033013628031754894,0.23228608548639895,0.77,1.0,0.0,0,1.0,0.0,0.0,0.02,0.012,1.0,1.0,1.0,1.0,1.0,1.0,0.5830242037773132,0.08472906053066254,0.6499999761581421,0.5788567066192627,0.1572592854499817,0.6830136179924011,-0.0012261881493031979,-0.004469672683626413,0.0030703702941536903,nan,nan,nan,-0.0012261881493031979,-0.004469672683626413,0.0030703702941536903,-0.0012261881493031979,-0.004469672683626413,0.0030703702941536903,-0.0012261881493031979,-0.004469672683626413,0.0030703702941536903,0.0,0.0
1,76,1.4660749157438417,84.77702489599572,False,False,True,False,False,True,False,False,75,0,0.07264985675907693,0.03301364183425903,False,False,0.07217857403192986,0.03235018220072161,0.2320069658631381,0.77,1.0,0.0,0,1.0,0.0,0.0,0.02,0.012,1.0,1.0,1.0,1.0,1.0,1.0,0.5830242037773132,0.08472906053066254,0.6499999761581421,0.5784264802932739,0.1567610502243042,0.6823501586914062,-0.000791589729487896,-0.004096641205251217,0.0029464885592460632,nan,nan,nan,-0.000791589729487896,-0.004096641205251217,0.0029464885592460632,-0.000791589729487896,-0.004096641205251217,0.0029464885592460632,-0.000791589729487896,-0.004096641205251217,0.0029464885592460632,0.0,0.0
1,77,1.5083331844691348,86.28535808046486,False,False,True,False,False,True,False,False,76,0,0.07217857403192986,0.03235018253326416,False,False,0.07170181585004778,0.031682798406522106,0.23172083329357346,0.77,1.0,0.0,0,1.0,0.0,0.0,0.02,0.012,1.0,1.0,1.0,1.0,1.0,1.0,0.5830242037773132,0.08472906053066254,0.6499999761581421,0.5779889225959778,0.1562538594007492,0.681682825088501,-0.0009205155074596405,-0.004283082205802202,0.0029538199305534363,nan,nan,nan,-0.0009205155074596405,-0.004283082205802202,0.0029538199305534363,-0.0009205155074596405,-0.004283082205802202,0.0029538199305534363,-0.0009205155074596405,-0.004283082205802202,0.0029538199305534363,0.0,0.0
1,78,1.54135454098131,87.82671262144618,False,False,True,False,False,True,False,False,77,0,0.07170181585004778,0.03168284893035889,False,False,0.07122688982491987,0.03102729063549159,0.23142648901434815,0.77,1.0,0.0,0,1.0,0.0,0.0,0.02,0.012,1.0,1.0,1.0,1.0,1.0,1.0,0.5830242037773132,0.08472906053066254,0.6499999761581421,0.5775161981582642,0.15574266016483307,0.6810272932052612,-0.001349015161395073,-0.0042591337114572525,0.003122546710073948,nan,nan,nan,-0.001349015161395073,-0.0042591337114572525,0.003122546710073948,-0.001349015161395073,-0.0042591337114572525,0.003122546710073948,-0.001349015161395073,-0.0042591337114572525,0.003122546710073948,0.0,0.0
1,79,1.6925115496500063,89.51922417109618,False,False,True,False,False,True,False,False,78,0,0.07122688982491987,0.03102731704711914,False,False,0.07075283363531437,0.030408791807997493,0.23109687546263125,0.77,1.0,0.0,0,1.0,0.0,0.0,0.02,0.012,1.0,1.0,1.0,1.0,1.0,1.0,0.5830242037773132,0.08472906053066254,0.6499999761581421,0.577077329158783,0.1552315354347229,0.680408775806427,-0.0007765679620206356,-0.004310510586947203,0.003541485406458378,nan,nan,nan,-0.0007765679620206356,-0.004310510586947203,0.003541485406458378,-0.0007765679620206356,-0.004310510586947203,0.003541485406458378,-0.0007765679620206356,-0.004310510586947203,0.003541485406458378,0.0,0.0
1,80,1.668993079097893,91.18821725019407,False,False,True,False,False,True,False,False,79,0,0.07075283363531437,0.030408799648284912,False,False,0.07027443131047756,0.02979537141620847,0.23075349120474664,0.77,1.0,0.0,0,1.0,0.0,0.0,0.02,0.012,1.0,1.0,1.0,1.0,1.0,1.0,0.5830242037773132,0.08472906053066254,0.6499999761581421,0.5765954852104187,0.15470881760120392,0.6797953844070435,-0.001490212744101882,-0.004407481290400028,0.0034560048952698708,nan,nan,nan,-0.001490212744101882,-0.004407481290400028,0.0034560048952698708,-0.001490212744101882,-0.004407481290400028,0.0034560048952698708,-0.001490212744101882,-0.004407481290400028,0.0034560048952698708,0.0,0.0
1,81,1.5866939144006604,92.77491116459473,False,False,True,False,False,True,False,False,80,0,0.07027443131047756,0.029795408248901367,False,False,0.06980149289461898,0.02916758353444282,0.23043540225479514,0.77,1.0,0.0,0,1.0,0.0,0.0,0.02,0.012,1.0,1.0,1.0,1.0,1.0,1.0,0.5830242037773132,0.08472906053066254,0.6499999761581421,0.5761111974716187,0.1541873812675476,0.6791675686836243,-0.0013600224629044533,-0.004423392005264759,0.003195355646312237,nan,nan,nan,-0.0013600224629044533,-0.004423392005264759,0.003195355646312237,-0.0013600224629044533,-0.004423392005264759,0.003195355646312237,-0.0013600224629044533,-0.004423392005264759,0.003195355646312237,0.0,0.0
1,82,1.4030130411015158,94.17792420569624,False,False,True,False,False,True,False,False,81,0,0.06980149289461898,0.029167592525482178,False,False,0.06935444234100199,0.028514139736922628,0.23019474494508135,0.77,1.0,0.0,0,1.0,0.0,0.0,0.02,0.012,1.0,1.0,1.0,1.0,1.0,1.0,0.5830242037773132,0.08472906053066254,0.6499999761581421,0.5756753087043762,0.1536930501461029,0.6785141229629517,-0.0007896153256297112,-0.004080789163708687,0.002855663187801838,nan,nan,nan,-0.0007896153256297112,-0.004080789163708687,0.002855663187801838,-0.0007896153256297112,-0.004080789163708687,0.002855663187801838,-0.0007896153256297112,-0.004080789163708687,0.002855663187801838,0.0,0.0
1,83,1.534709154791486,95.71263336048773,False,False,True,False,False,True,False,False,82,0,0.06935444234100199,0.02851414680480957,False,False,0.06889124948788387,0.027862365728483995,0.22992013324728375,0.77,1.0,0.0,0,1.0,0.0,0.0,0.02,0.012,1.0,1.0,1.0,1.0,1.0,1.0,0.5830242037773132,0.08472906053066254,0.6499999761581421,0.5751960873603821,0.15317411720752716,0.6778623461723328,-0.0013836966827511787,-0.004413687624037266,0.003085928037762642,nan,nan,nan,-0.0013836966827511787,-0.004413687624037266,0.003085928037762642,-0.0013836966827511787,-0.004413687624037266,0.003085928037762642,-0.0013836966827511787,-0.004413687624037266,0.003085928037762642,0.0,0.0
1,84,1.6476359181059952,97.36026927859372,False,False,True,False,False,True,False,False,83,0,0.06889124948788387,0.027862370014190674,False,False,0.06842792835339769,0.027245557742821558,0.2296102989639738,0.77,1.0,0.0,0,1.0,0.0,0.0,0.02,0.012,1.0,1.0,1.0,1.0,1.0,1.0,0.5830242037773132,0.08472906053066254,0.6499999761581421,0.5747760534286499,0.15265806019306183,0.677245557308197,-0.0004911459982395172,-0.004358768463134766,0.003415602259337902,nan,nan,nan,-0.0004911459982395172,-0.004358768463134766,0.003415602259337902,-0.0004911459982395172,-0.004358768463134766,0.003415602259337902,-0.0004911459982395172,-0.004358768463134766,0.003415602259337902,0.0,0.0
1,85,1.6322492913154723,98.9925185699092,False,False,True,False,False,True,False,False,84,0,0.06842792835339769,0.02724558115005493,False,False,0.06797190426041608,0.026640214435770027,0.22930359408506212,0.77,1.0,0.0,0,1.0,0.0,0.0,0.02,0.012,1.0,1.0,1.0,1.0,1.0,1.0,0.5830242037773132,0.08472906053066254,0.6499999761581421,0.5743401050567627,0.1521439403295517,0.6766402125358582,-0.0009196656756103039,-0.004290057346224785,0.003472360782325268,nan,nan,nan,-0.0009196656756103039,-0.004290057346224785,0.003472360782325268,-0.0009196656756103039,-0.004290057346224785,0.003472360782325268,-0.0009196656756103039,-0.004290057346224785,0.003472360782325268,0.0,0.0
1,86,1.6718529491270122,100.66437151903621,False,False,True,False,False,True,False,False,85,0,0.06797190426041608,0.026640236377716064,False,False,0.06752050728024367,0.02604624581094761,0.22899476874953972,0.77,1.0,0.0,0,1.0,0.0,0.0,0.02,0.012,1.0,1.0,1.0,1.0,1.0,1.0,0.5830242037773132,0.08472906053066254,0.6499999761581421,0.5738922953605652,0.15162919461727142,0.6760462522506714,-0.0009478735737502575,-0.0043397340923547745,0.0035777827724814415,nan,nan,nan,-0.0009478735737502575,-0.0043397340923547745,0.0035777827724814415,-0.0009478735737502575,-0.0043397340923547745,0.0035777827724814415,-0.0009478735737502575,-0.0043397340923547745,0.0035777827724814415,0.0,0.0
1,87,1.5803605450761626,102.24473206411237,False,False,True,False,False,True,False,False,86,0,0.06752050728024367,0.026046276092529297,False,False,0.06706497830480773,0.02543544680888532,0.22869450980073014,0.77,1.0,0.0,0,1.0,0.0,0.0,0.02,0.012,1.0,1.0,1.0,1.0,1.0,1.0,0.5830242037773132,0.08472906053066254,0.6499999761581421,0.5734585523605347,0.15110835433006287,0.6754354238510132,-0.0007729846984148026,-0.004445213358849287,0.0032223928719758987,nan,nan,nan,-0.0007729846984148026,-0.004445213358849287,0.0032223928719758987,-0.0007729846984148026,-0.004445213358849287,0.0032223928719758987,-0.0007729846984148026,-0.004445213358849287,0.0032223928719758987,0.0,0.0
1,88,1.6954227007921523,103.94015476490452,False,False,True,False,False,True,False,False,87,0,0.06706497830480773,0.025435447692871094,False,False,0.06662101891462885,0.024847311301278596,0.2283947265279791,0.77,1.0,0.0,0,1.0,0.0,0.0,0.02,0.012,1.0,1.0,1.0,1.0,1.0,1.0,0.5830242037773132,0.08472906053066254,0.6499999761581421,0.573017954826355,0.1505943387746811,0.6748473048210144,-0.0008716108277440071,-0.004263839218765497,0.0037276512011885643,nan,nan,nan,-0.0008716108277440071,-0.004263839218765497,0.0037276512011885643,-0.0008716108277440071,-0.004263839218765497,0.0037276512011885643,-0.0008716108277440071,-0.004263839218765497,0.0037276512011885643,0.0,0.0
1,89,1.7246468357528724,105.6648016006574,False,False,True,False,False,True,False,False,88,0,0.06662101891462885,0.024847328662872314,False,False,0.06618056162933902,0.024278793289462586,0.22808232996921546,0.77,1.0,0.0,0,1.0,0.0,0.0,0.02,0.012,1.0,1.0,1.0,1.0,1.0,1.0,0.5830242037773132,0.08472906053066254,0.6499999761581421,0.572564423084259,0.15007781982421875,0.6742787957191467,-0.001008667517453432,-0.004372027236968279,0.003772210329771042,nan,nan,nan,-0.001008667517453432,-0.004372027236968279,0.003772210329771042,-0.001008667517453432,-0.004372027236968279,0.003772210329771042,-0.001008667517453432,-0.004372027236968279,0.003772210329771042,0.0,0.0
1,90,1.7581135927417146,107.4229151933991,False,False,True,False,False,True,False,False,89,0,0.06618056162933902,0.02427881956100464,False,False,0.06573448949934903,0.02371683737213892,0.22775214162655913,0.77,1.0,0.0,0,1.0,0.0,0.0,0.02,0.012,1.0,1.0,1.0,1.0,1.0,1.0,0.5830242037773132,0.08472906053066254,0.6499999761581421,0.5721468329429626,0.14955735206604004,0.6737168431282043,-0.0005063801072537899,-0.004433718975633383,0.0037900982424616814,nan,nan,nan,-0.0005063801072537899,-0.004433718975633383,0.0037900982424616814,-0.0005063801072537899,-0.004433718975633383,0.0037900982424616814,-0.0005063801072537899,-0.004433718975633383,0.0037900982424616814,0.0,0.0
1,91,1.7271961948040255,109.15011138820313,False,False,True,False,False,True,False,False,90,0,0.06573448949934903,0.023716866970062256,False,False,0.06530621735344543,0.023161812668516246,0.2274506220383746,0.77,1.0,0.0,0,1.0,0.0,0.0,0.02,0.012,1.0,1.0,1.0,1.0,1.0,1.0,0.5830242037773132,0.08472906053066254,0.6499999761581421,0.5717007517814636,0.14904610812664032,0.6731618046760559,-0.0010078977793455124,-0.004232615232467651,0.00390553567558527,nan,nan,nan,-0.0010078977793455124,-0.004232615232467651,0.00390553567558527,-0.0010078977793455124,-0.004232615232467651,0.00390553567558527,-0.0010078977793455124,-0.004232615232467651,0.00390553567558527,0.0,0.0
1,92,1.6382165554058716,110.788327943609,False,False,True,False,False,True,False,False,91,0,0.06530621735344543,0.02316182851791382,False,False,0.06488261932925077,0.02259256943953325,0.22717266921896828,0.77,1.0,0.0,0,1.0,0.0,0.0,0.02,0.012,1.0,1.0,1.0,1.0,1.0,1.0,0.5830242037773132,0.08472906053066254,0.6499999761581421,0.5712859034538269,0.14854103326797485,0.6725925803184509,-0.0004763803444802761,-0.004288350697606802,0.00355385709553957,nan,nan,nan,-0.0004763803444802761,-0.004288350697606802,0.00355385709553957,-0.0004763803444802761,-0.004288350697606802,0.00355385709553957,-0.0004763803444802761,-0.004288350697606802,0.00355385709553957,0.0,0.0
1,93,1.6019021354900629,112.39023007909907,False,False,True,False,False,True,False,False,92,0,0.06488261932925077,0.022592604160308838,False,False,0.06446017967522091,0.022008672991219336,0.2269116863592225,0.77,1.0,0.0,0,1.0,0.0,0.0,0.02,0.012,1.0,1.0,1.0,1.0,1.0,1.0,0.5830242037773132,0.08472906053066254,0.6499999761581421,0.5708547234535217,0.14803007245063782,0.6720086932182312,-0.0007959683425724506,-0.004290710669010878,0.0034996820613741875,nan,nan,nan,-0.0007959683425724506,-0.004290710669010878,0.0034996820613741875,-0.0007959683425724506,-0.004290710669010878,0.0034996820613741875,-0.0007959683425724506,-0.004290710669010878,0.0034996820613741875,0.0,0.0
1,94,1.770921528187682,114.16115160728675,False,False,True,False,False,True,False,False,93,0,0.06446017967522091,0.02200871706008911,False,False,0.06402450155259946,0.021448790411557117,0.2266002126936418,0.77,1.0,0.0,0,1.0,0.0,0.0,0.02,0.012,1.0,1.0,1.0,1.0,1.0,1.0,0.5830242037773132,0.08472906053066254,0.6499999761581421,0.5704688429832458,0.14751042425632477,0.6714487671852112,-8.230796083807945e-05,-0.004444539081305265,0.0038280189037323,nan,nan,nan,-8.230796083807945e-05,-0.004444539081305265,0.0038280189037323,-8.230796083807945e-05,-0.004444539081305265,0.0038280189037323,-8.230796083807945e-05,-0.004444539081305265,0.0038280189037323,0.0,0.0
1,95,1.6907945076936912,115.85194611498045,False,False,True,False,False,True,False,False,94,0,0.06402450155259946,0.021448791027069092,False,False,0.06359607529194353,0.02089012266744361,0.22630202791644344,0.77,1.0,0.0,0,1.0,0.0,0.0,0.02,0.012,1.0,1.0,1.0,1.0,1.0,1.0,0.5830242037773132,0.08472906053066254,0.6499999761581421,0.5700653195381165,0.1469908207654953,0.6708901524543762,-0.0005231495015323162,-0.004362458363175392,0.0037134848535060883,nan,nan,nan,-0.0005231495015323162,-0.004362458363175392,0.0037134848535060883,-0.0005231495015323162,-0.004362458363175392,0.0037134848535060883,-0.0005231495015323162,-0.004362458363175392,0.0037134848535060883,0.0,0.0
1,96,1.691973407090118,117.54391952207057,False,False,True,False,False,True,False,False,95,0,0.06359607529194353,0.02089017629623413,False,False,0.06317481147714023,0.020330629829890756,0.2260189931243897,0.77,1.0,0.0,0,1.0,0.0,0.0,0.02,0.012,1.0,1.0,1.0,1.0,1.0,1.0,0.5830242037773132,0.08472906053066254,0.6499999761581421,0.5696280002593994,0.1464672088623047,0.6703306436538696,-0.0008268812671303749,-0.004444834776222706,0.0037237070500850677,nan,nan,nan,-0.0008268812671303749,-0.004444834776222706,0.0037237070500850677,-0.0008268812671303749,-0.004444834776222706,0.0037237070500850677,-0.0008268812671303749,-0.004444834776222706,0.0037237070500850677,0.0,0.0
1,97,1.7774207300157077,119.32134025208627,False,False,True,False,False,True,False,False,96,0,0.06317481147714023,0.02033066749572754,False,False,0.06275555554618675,0.019790762849624555,0.22572034824274895,0.77,1.0,0.0,0,1.0,0.0,0.0,0.02,0.012,1.0,1.0,1.0,1.0,1.0,1.0,0.5830242037773132,0.08472906053066254,0.6499999761581421,0.569232165813446,0.1459502875804901,0.6697907447814941,-0.00021018553525209427,-0.004370138049125671,0.003952527418732643,nan,nan,nan,-0.00021018553525209427,-0.004370138049125671,0.003952527418732643,-0.00021018553525209427,-0.004370138049125671,0.003952527418732643,-0.00021018553525209427,-0.004370138049125671,0.003952527418732643,0.0,0.0
1,98,1.7767635305662781,121.09810378265256,False,False,True,False,False,True,False,False,97,0,0.06275555554618675,0.01979076862335205,False,False,0.06233050547437931,0.01925525758321245,0.22540575336554616,0.77,1.0,0.0,0,1.0,0.0,0.0,0.02,0.012,1.0,1.0,1.0,1.0,1.0,1.0,0.5830242037773132,0.08472906053066254,0.6499999761581421,0.5688931941986084,0.1454366147518158,0.669255256652832,0.0003810552880167961,-0.004361859057098627,0.003884553909301758,nan,nan,nan,0.0003810552880167961,-0.004361859057098627,0.003884553909301758,0.0003810552880167961,-0.004361859057098627,0.003884553909301758,0.0003810552880167961,-0.004361859057098627,0.003884553909301758,0.0,0.0
1,99,1.8487911850152048,122.94689496766776,False,False,True,False,False,True,False,False,98,0,0.06233050547437931,0.01925528049468994,False,False,0.06189863304867342,0.018728407995089236,0.2250688581022576,0.77,1.0,0.0,0,1.0,0.0,0.0,0.02,0.012,1.0,1.0,1.0,1.0,1.0,1.0,0.5830242037773132,0.08472906053066254,0.6499999761581421,0.5685247778892517,0.14490553736686707,0.6687284111976624,-0.00010093254968523979,-0.0045305173844099045,0.004074936732649803,nan,nan,nan,-0.00010093254968523979,-0.0045305173844099045,0.004074936732649803,-0.00010093254968523979,-0.0045305173844099045,0.004074936732649803,-0.00010093254968523979,-0.0045305173844099045,0.004074936732649803,0.0,0.0
1,100,1.7826738508827242,124.72956881855049,False,False,True,False,False,True,False,False,99,0,0.06189863304867342,0.018728435039520264,False,False,0.06147617009775059,0.018201672282589287,0.22475066791291187,0.77,1.0,0.0,0,1.0,0.0,0.0,0.02,0.012,1.0,1.0,1.0,1.0,1.0,1.0,0.5830242037773132,0.08472906053066254,0.6499999761581421,0.5681774616241455,0.14438553154468536,0.6682016849517822,0.0002483762800693512,-0.004397850949317217,0.003923112526535988,nan,nan,nan,0.0002483762800693512,-0.004397850949317217,0.003923112526535988,0.0002483762800693512,-0.004397850949317217,0.003923112526535988,0.0002483762800693512,-0.004397850949317217,0.003923112526535988,0.0,0.0
1,101,1.6846102557595115,126.41417907431,False,False,True,False,False,True,False,False,100,0,0.06147617009775059,0.018201708793640137,False,False,0.06105919826197515,0.01765572551787431,0.22446267100607598,0.77,1.0,0.0,0,1.0,0.0,0.0,0.02,0.012,1.0,1.0,1.0,1.0,1.0,1.0,0.5830242037773132,0.08472906053066254,0.6499999761581421,0.5678973197937012,0.1438848227262497,0.6676557064056396,0.0010353345423936844,-0.004204573109745979,0.003646611236035824,nan,nan,nan,0.0010353345423936844,-0.004204573109745979,0.003646611236035824,0.0010353345423936844,-0.004204573109745979,0.003646611236035824,0.0010353345423936844,-0.004204573109745979,0.003646611236035824,0.0,0.0
1,102,1.660223358986257,128.07440243329626,False,False,True,False,False,True,False,False,101,0,0.06105919826197515,0.01765573024749756,False,False,0.06065158163673115,0.01710248214653054,0.22420068112693176,0.77,1.0,0.0,0,1.0,0.0,0.0,0.02,0.012,1.0,1.0,1.0,1.0,1.0,1.0,0.5830242037773132,0.08472906053066254,0.6499999761581421,0.5676471590995789,0.14339900016784668,0.6671024560928345,0.001269661821424961,-0.004010792821645737,0.003662864677608013,nan,nan,nan,0.001269661821424961,-0.004010792821645737,0.003662864677608013,0.001269661821424961,-0.004010792821645737,0.003662864677608013,0.001269661821424961,-0.004010792821645737,0.003662864677608013,0.0,0.0
1,103,1.529210616479741,129.603613049776,False,False,True,False,False,True,False,False,102,0,0.06065158163673115,0.017102479934692383,False,False,0.0602547241565282,0.016527848247728794,0.2239816000653276,0.77,1.0,0.0,0,1.0,0.0,0.0,0.02,0.012,1.0,1.0,1.0,1.0,1.0,1.0,0.5830242037773132,0.08472906053066254,0.6499999761581421,0.5673243403434753,0.14290247857570648,0.6665278673171997,0.0002910830080509186,-0.004163867328315973,0.003357255831360817,nan,nan,nan,0.0002910830080509186,-0.004163867328315973,0.003357255831360817,0.0002910830080509186,-0.004163867328315973,0.003357255831360817,0.0002910830080509186,-0.004163867328315973,0.003357255831360817,0.0,0.0
1,104,1.6724188844354368,131.27603193421143,False,False,True,False,False,True,False,False,103,0,0.0602547241565282,0.016527891159057617,False,False,0.05986200214930164,0.01597604991885926,0.223747954379744,0.77,1.0,0.0,0,1.0,0.0,0.0,0.02,0.012,1.0,1.0,1.0,1.0,1.0,1.0,0.5830242037773132,0.08472906053066254,0.6499999761581421,0.5670772194862366,0.14242787659168243,0.6659760475158691,0.0015206420794129372,-0.003905783174559474,0.00373698677867651,nan,nan,nan,0.0015206420794129372,-0.003905783174559474,0.00373698677867651,0.0015206420794129372,-0.003905783174559474,0.00373698677867651,0.0015206420794129372,-0.003905783174559474,0.00373698677867651,0.0,0.0
1,105,2.27666819089926,133.5527001251107,False,False,True,True,True,True,True,False,104,0,0.05986200214930164,0.01597607135772705,False,False,0.059404584765932265,0.015513820494358455,0.22329534903750609,0.77,1.0,0.0,0,1.0,0.0,0.0,0.02,0.012,1.0,1.0,1.0,1.0,1.0,1.0,0.5830242037773132,0.08472906053066254,0.6499999761581421,0.5668222904205322,0.14188151061534882,0.665513813495636,0.0006547952070832253,-0.004302728921175003,0.003658323548734188,0.001295145833864808,-0.004829347599297762,0.004999999888241291,0.001295145833864808,-0.004829347599297762,0.004999999888241291,0.001295145833864808,-0.004829347599297762,0.004999999888241291,0.001295145833864808,-0.004829347599297762,0.004999999888241291,0.0,0.0
1,106,2.2752005727725058,135.82790069788322,False,False,True,True,True,True,False,False,105,0,0.059404584765932265,0.015513837337493896,False,False,0.05893513209206475,0.015092070463598173,0.22277819372053131,0.77,1.0,0.0,0,1.0,0.0,0.0,0.02,0.012,1.0,1.0,1.0,1.0,1.0,1.0,0.5830242037773132,0.08472906053066254,0.6499999761581421,0.5665810704231262,0.14132387936115265,0.6650920510292053,0.001298943068832159,-0.004004173446446657,0.003657286986708641,0.0013699779519811273,-0.004808654543012381,0.004999999888241291,0.0013699779519811273,-0.004808654543012381,0.004999999888241291,0.0013699779519811273,-0.004808654543012381,0.004999999888241291,0.0013699779519811273,-0.004808654543012381,0.004999999888241291,0.0,0.0
1,107,-297.72779308118305,-161.89989238329983,True,False,True,True,True,True,False,False,106,0,0.05893513209206475,0.015092074871063232,False,True,0.05846879942418393,0.01467184297327051,0.22226575587509734,0.77,1.0,0.0,0,1.0,0.0,0.0,0.02,0.012,1.0,1.0,1.0,1.0,1.0,1.0,0.5830242037773132,0.08472906053066254,0.6499999761581421,0.5663428902626038,0.14076775312423706,0.6646718382835388,0.000374628696590662,-0.004210043698549271,0.0036887312307953835,0.0013973390450701118,-0.004800775088369846,0.004999999888241291,0.0013973390450701118,-0.004800775088369846,0.004999999888241291,0.0013973390450701118,-0.004800775088369846,0.004999999888241291,0.0013973390450701118,-0.004800775088369846,0.004999999888241291,0.0,0.0
